Title,Author,Price,Rating,Link
N/A,N/A,N/A,N/A,N/A
If He Had Been with Me,Laura Nowlin,$7.27,4.2 out of 5 stars,https://www.amazon.com/If-He-Had-Been-Me/dp/1728205484/ref=sr_1_1?dib=eyJ2IjoiMSJ9.0gCsINxCIfh2bSsS85KJRDB2WBcH8GUPBtvVYmBMORVezYhOwAP6oHsHZ5hgX_m6ush6TEbpnaSAP_rpb_uM_20fGyM5FrqKBRPnQ7ySDZBKZFsAEPVqPGgOAXg8M0ulK7piKLgW6AXLxKdrTeb2_oZ4sQop27ByacHiB7A2gxzQMLtXV61H8ROuyu7MkMgjkooNoF2UIyTU6rDYULOkqBimGigo-B_eFAXbFEgflGI.pqPYxWle4F6sGwZdukYvclnwuMNtfBd-zrfIr97oJkk&dib_tag=se&keywords=boiks&qid=1725472380&sr=8-1
Lessons from the Greatest Stock Traders of All Time: Proven Strategies Active Traders Can Use Today to Beat the Markets,John Boik,$14.73,4.7 out of 5 stars,https://www.amazon.com/Lessons-Greatest-Stock-Traders-Time/dp/0071437886/ref=sr_1_2?dib=eyJ2IjoiMSJ9.0gCsINxCIfh2bSsS85KJRDB2WBcH8GUPBtvVYmBMORVezYhOwAP6oHsHZ5hgX_m6ush6TEbpnaSAP_rpb_uM_20fGyM5FrqKBRPnQ7ySDZBKZFsAEPVqPGgOAXg8M0ulK7piKLgW6AXLxKdrTeb2_oZ4sQop27ByacHiB7A2gxzQMLtXV61H8ROuyu7MkMgjkooNoF2UIyTU6rDYULOkqBimGigo-B_eFAXbFEgflGI.pqPYxWle4F6sGwZdukYvclnwuMNtfBd-zrfIr97oJkk&dib_tag=se&keywords=boiks&qid=1725472380&sr=8-2
How Legendary Traders Made Millions: Profiting From the Investment Strategies of the Gretest Traders of All time,John Boik,$15.55,4.6 out of 5 stars,https://www.amazon.com/How-Legendary-Traders-Made-Millions-ebook/dp/B000JMKQNU/ref=sr_1_3?dib=eyJ2IjoiMSJ9.0gCsINxCIfh2bSsS85KJRDB2WBcH8GUPBtvVYmBMORVezYhOwAP6oHsHZ5hgX_m6ush6TEbpnaSAP_rpb_uM_20fGyM5FrqKBRPnQ7ySDZBKZFsAEPVqPGgOAXg8M0ulK7piKLgW6AXLxKdrTeb2_oZ4sQop27ByacHiB7A2gxzQMLtXV61H8ROuyu7MkMgjkooNoF2UIyTU6rDYULOkqBimGigo-B_eFAXbFEgflGI.pqPYxWle4F6sGwZdukYvclnwuMNtfBd-zrfIr97oJkk&dib_tag=se&keywords=boiks&qid=1725472380&sr=8-3
N/A,N/A,N/A,N/A,N/A
The Outsiders,S. E. Hinton,$9.49,4.7 out of 5 stars,https://www.amazon.com/Outsiders-S-Hinton/dp/014240733X/ref=sr_1_4?dib=eyJ2IjoiMSJ9.0gCsINxCIfh2bSsS85KJRDB2WBcH8GUPBtvVYmBMORVezYhOwAP6oHsHZ5hgX_m6ush6TEbpnaSAP_rpb_uM_20fGyM5FrqKBRPnQ7ySDZBKZFsAEPVqPGgOAXg8M0ulK7piKLgW6AXLxKdrTeb2_oZ4sQop27ByacHiB7A2gxzQMLtXV61H8ROuyu7MkMgjkooNoF2UIyTU6rDYULOkqBimGigo-B_eFAXbFEgflGI.pqPYxWle4F6sGwZdukYvclnwuMNtfBd-zrfIr97oJkk&dib_tag=se&keywords=boiks&qid=1725472380&sr=8-4
"Life Skills for Kids: How to Cook, Clean, Make Friends, Handle Emergencies, Set Goals, Make Good Decisions, and Everything in Between",Karen Harris,$11.29,4.5 out of 5 stars,https://www.amazon.com/Life-Skills-Kids-Emergencies-Everything/dp/1951806441/ref=sr_1_5?dib=eyJ2IjoiMSJ9.0gCsINxCIfh2bSsS85KJRDB2WBcH8GUPBtvVYmBMORVezYhOwAP6oHsHZ5hgX_m6ush6TEbpnaSAP_rpb_uM_20fGyM5FrqKBRPnQ7ySDZBKZFsAEPVqPGgOAXg8M0ulK7piKLgW6AXLxKdrTeb2_oZ4sQop27ByacHiB7A2gxzQMLtXV61H8ROuyu7MkMgjkooNoF2UIyTU6rDYULOkqBimGigo-B_eFAXbFEgflGI.pqPYxWle4F6sGwZdukYvclnwuMNtfBd-zrfIr97oJkk&dib_tag=se&keywords=boiks&qid=1725472380&sr=8-5
"Monster Stocks: How They Set Up, Run Up, Top and Make You Money",John Boik,$31.36,4.3 out of 5 stars,https://www.amazon.com/Monster-Stocks-They-Make-Money/dp/0071494715/ref=sr_1_6?dib=eyJ2IjoiMSJ9.0gCsINxCIfh2bSsS85KJRDB2WBcH8GUPBtvVYmBMORVezYhOwAP6oHsHZ5hgX_m6ush6TEbpnaSAP_rpb_uM_20fGyM5FrqKBRPnQ7ySDZBKZFsAEPVqPGgOAXg8M0ulK7piKLgW6AXLxKdrTeb2_oZ4sQop27ByacHiB7A2gxzQMLtXV61H8ROuyu7MkMgjkooNoF2UIyTU6rDYULOkqBimGigo-B_eFAXbFEgflGI.pqPYxWle4F6sGwZdukYvclnwuMNtfBd-zrfIr97oJkk&dib_tag=se&keywords=boiks&qid=1725472380&sr=8-6
Monster Stock Lessons: 2020-2021,John Boik,$18.95,4.2 out of 5 stars,https://www.amazon.com/Monster-Stock-Lessons-John-Boik/dp/B09V561YJV/ref=sr_1_7?dib=eyJ2IjoiMSJ9.0gCsINxCIfh2bSsS85KJRDB2WBcH8GUPBtvVYmBMORVezYhOwAP6oHsHZ5hgX_m6ush6TEbpnaSAP_rpb_uM_20fGyM5FrqKBRPnQ7ySDZBKZFsAEPVqPGgOAXg8M0ulK7piKLgW6AXLxKdrTeb2_oZ4sQop27ByacHiB7A2gxzQMLtXV61H8ROuyu7MkMgjkooNoF2UIyTU6rDYULOkqBimGigo-B_eFAXbFEgflGI.pqPYxWle4F6sGwZdukYvclnwuMNtfBd-zrfIr97oJkk&dib_tag=se&keywords=boiks&qid=1725472380&sr=8-7
I Love You More - Children's Padded Board Book,Little Hippo Books,$9.05,4.9 out of 5 stars,https://www.amazon.com/Love-You-More-Childrens-Padded/dp/1951356136/ref=sr_1_8?dib=eyJ2IjoiMSJ9.0gCsINxCIfh2bSsS85KJRDB2WBcH8GUPBtvVYmBMORVezYhOwAP6oHsHZ5hgX_m6ush6TEbpnaSAP_rpb_uM_20fGyM5FrqKBRPnQ7ySDZBKZFsAEPVqPGgOAXg8M0ulK7piKLgW6AXLxKdrTeb2_oZ4sQop27ByacHiB7A2gxzQMLtXV61H8ROuyu7MkMgjkooNoF2UIyTU6rDYULOkqBimGigo-B_eFAXbFEgflGI.pqPYxWle4F6sGwZdukYvclnwuMNtfBd-zrfIr97oJkk&dib_tag=se&keywords=boiks&qid=1725472380&sr=8-8
The Silent Patient,Audible Audiobook,$0.00,4.4 out of 5 stars,https://www.amazon.com/kindle-dbs/books-category/browse-redirect/?ref=ess_dp_epicks&node=17276798011
Diary of a Schizophrenic,Bethany Boik,$17.93,5.0 out of 5 stars,https://www.amazon.com/Diary-Schizophrenic-Bethany-Boik/dp/1956879420/ref=sr_1_10?dib=eyJ2IjoiMSJ9.0gCsINxCIfh2bSsS85KJRDB2WBcH8GUPBtvVYmBMORVezYhOwAP6oHsHZ5hgX_m6ush6TEbpnaSAP_rpb_uM_20fGyM5FrqKBRPnQ7ySDZBKZFsAEPVqPGgOAXg8M0ulK7piKLgW6AXLxKdrTeb2_oZ4sQop27ByacHiB7A2gxzQMLtXV61H8ROuyu7MkMgjkooNoF2UIyTU6rDYULOkqBimGigo-B_eFAXbFEgflGI.pqPYxWle4F6sGwZdukYvclnwuMNtfBd-zrfIr97oJkk&dib_tag=se&keywords=boiks&qid=1725472380&sr=8-10
Listening to My Body: A guide to helping kids understand the connection between their sensations (what the heck are those?) and feelings so that they can get better at figuring out what they need.,Gabi Garcia,$11.66,4.7 out of 5 stars,https://www.amazon.com/Listening-Body-understand-connection-sensations/dp/099895800X/ref=sr_1_11?dib=eyJ2IjoiMSJ9.0gCsINxCIfh2bSsS85KJRDB2WBcH8GUPBtvVYmBMORVezYhOwAP6oHsHZ5hgX_m6ush6TEbpnaSAP_rpb_uM_20fGyM5FrqKBRPnQ7ySDZBKZFsAEPVqPGgOAXg8M0ulK7piKLgW6AXLxKdrTeb2_oZ4sQop27ByacHiB7A2gxzQMLtXV61H8ROuyu7MkMgjkooNoF2UIyTU6rDYULOkqBimGigo-B_eFAXbFEgflGI.pqPYxWle4F6sGwZdukYvclnwuMNtfBd-zrfIr97oJkk&dib_tag=se&keywords=boiks&qid=1725472380&sr=8-11
Cancer & Natural Medicine: A Textbook of Basic Science and Clinical Research,John Boik,N/A,5.0 out of 5 stars,https://www.amazon.com/Cancer-Natural-Medicine-Textbook-Clinical/dp/0964828006/ref=sr_1_12?dib=eyJ2IjoiMSJ9.0gCsINxCIfh2bSsS85KJRDB2WBcH8GUPBtvVYmBMORVezYhOwAP6oHsHZ5hgX_m6ush6TEbpnaSAP_rpb_uM_20fGyM5FrqKBRPnQ7ySDZBKZFsAEPVqPGgOAXg8M0ulK7piKLgW6AXLxKdrTeb2_oZ4sQop27ByacHiB7A2gxzQMLtXV61H8ROuyu7MkMgjkooNoF2UIyTU6rDYULOkqBimGigo-B_eFAXbFEgflGI.pqPYxWle4F6sGwZdukYvclnwuMNtfBd-zrfIr97oJkk&dib_tag=se&keywords=boiks&qid=1725472380&sr=8-12
Love Is a Mental Illness,Franco Cardiello,$9.99,4.4 out of 5 stars,https://www.amazon.com/Love-Mental-Illness-Franco-Cardiello/dp/B09TV571B3/ref=sr_1_13?dib=eyJ2IjoiMSJ9.0gCsINxCIfh2bSsS85KJRDB2WBcH8GUPBtvVYmBMORVezYhOwAP6oHsHZ5hgX_m6ush6TEbpnaSAP_rpb_uM_20fGyM5FrqKBRPnQ7ySDZBKZFsAEPVqPGgOAXg8M0ulK7piKLgW6AXLxKdrTeb2_oZ4sQop27ByacHiB7A2gxzQMLtXV61H8ROuyu7MkMgjkooNoF2UIyTU6rDYULOkqBimGigo-B_eFAXbFEgflGI.pqPYxWle4F6sGwZdukYvclnwuMNtfBd-zrfIr97oJkk&dib_tag=se&keywords=boiks&qid=1725472380&sr=8-13
I Love You to the Moon and Back,Amelia Hepworth,$4.20,4.9 out of 5 stars,https://www.amazon.com/I-Love-You-Moon-Back/dp/1589255518/ref=sr_1_14?dib=eyJ2IjoiMSJ9.0gCsINxCIfh2bSsS85KJRDB2WBcH8GUPBtvVYmBMORVezYhOwAP6oHsHZ5hgX_m6ush6TEbpnaSAP_rpb_uM_20fGyM5FrqKBRPnQ7ySDZBKZFsAEPVqPGgOAXg8M0ulK7piKLgW6AXLxKdrTeb2_oZ4sQop27ByacHiB7A2gxzQMLtXV61H8ROuyu7MkMgjkooNoF2UIyTU6rDYULOkqBimGigo-B_eFAXbFEgflGI.pqPYxWle4F6sGwZdukYvclnwuMNtfBd-zrfIr97oJkk&dib_tag=se&keywords=boiks&qid=1725472380&sr=8-14
Burn After Writing,Sharon Jones,$7.39,4.6 out of 5 stars,https://www.amazon.com/Burn-After-Writing-Sharon-Jones/dp/0399175210/ref=sr_1_15?dib=eyJ2IjoiMSJ9.0gCsINxCIfh2bSsS85KJRDB2WBcH8GUPBtvVYmBMORVezYhOwAP6oHsHZ5hgX_m6ush6TEbpnaSAP_rpb_uM_20fGyM5FrqKBRPnQ7ySDZBKZFsAEPVqPGgOAXg8M0ulK7piKLgW6AXLxKdrTeb2_oZ4sQop27ByacHiB7A2gxzQMLtXV61H8ROuyu7MkMgjkooNoF2UIyTU6rDYULOkqBimGigo-B_eFAXbFEgflGI.pqPYxWle4F6sGwZdukYvclnwuMNtfBd-zrfIr97oJkk&dib_tag=se&keywords=boiks&qid=1725472380&sr=8-15
"The Old Fashioned Christmas Coloring Book: Coloring Book For Adults Men Women To Stress Relief With 30+ Illustrations, Great Gift For Mom Dad Have Christmas Birthday",David JH Dylan,$7.99,N/A,https://www.amazon.com/Fashioned-Christmas-Coloring-Book-Illustrations/dp/B0CHDDMVF8/ref=sr_1_16?dib=eyJ2IjoiMSJ9.0gCsINxCIfh2bSsS85KJRDB2WBcH8GUPBtvVYmBMORVezYhOwAP6oHsHZ5hgX_m6ush6TEbpnaSAP_rpb_uM_20fGyM5FrqKBRPnQ7ySDZBKZFsAEPVqPGgOAXg8M0ulK7piKLgW6AXLxKdrTeb2_oZ4sQop27ByacHiB7A2gxzQMLtXV61H8ROuyu7MkMgjkooNoF2UIyTU6rDYULOkqBimGigo-B_eFAXbFEgflGI.pqPYxWle4F6sGwZdukYvclnwuMNtfBd-zrfIr97oJkk&dib_tag=se&keywords=boiks&qid=1725472380&sr=8-16
The Sales Skills Book: A Concise Introduction to the Art of Selling,Gerald Zankl,$14.99,4.9 out of 5 stars,https://www.amazon.com#
A Game Most Foul,Alison Gervais,$10.99,3.7 out of 5 stars,https://www.amazon.com#
Ablaze (Off the Itinerary),M. Liz Boyle,$11.49,4.8 out of 5 stars,https://www.amazon.com#
"Jesse True Collection, Books 1-4: The Power of Emotions & How to Deal with Big Feelings",Paperback,$14.74,4.5 out of 5 stars,https://www.amazon.comhttps://aax-us-iad.amazon.com/x/c/JA5X5tiVKYk0cEZrTPWbmfgAAAGRvisVWQEAAAH2AQBvbm9fdHhuX2JpZDcgICBvbm9fdHhuX2ltcDEgICDTFYhr/https://www.amazon.com/Jesse-True-Collection-Emotion-Feelings/dp/1736209302/ref=sxbs_sbv_search_btf?content-id=amzn1.sym.2f0a8989-0b67-47e7-b61e-9e3ef9908602%3Aamzn1.sym.2f0a8989-0b67-47e7-b61e-9e3ef9908602&cv_ct_cx=boiks&dib=eyJ2IjoiMSJ9.1SonMVYVhmddowFWb7xvOQ.MSIbYyOpPs_i_ssBihcv35vKXGinE780sF_dKans3Co&dib_tag=se&keywords=boiks&pd_rd_i=1736209302&pd_rd_r=123f17e7-c4c2-46e9-adf5-00fe9fea80a8&pd_rd_w=XL3Rn&pd_rd_wg=2OUwD&pf_rd_p=2f0a8989-0b67-47e7-b61e-9e3ef9908602&pf_rd_r=BBDYRG5058CKSBQS9366&qid=1725472380&sbo=RZvfv%2F%2FHxDF%2BO5021pAnSA%3D%3D&sr=1-1-a61ee601-6e56-4862-a8a2-1d3da5a5406f
N/A,N/A,N/A,N/A,N/A
N/A,N/A,N/A,N/A,N/A
N/A,Visit the help section,N/A,N/A,https://www.amazon.com/gp/help/customer/display.html?nodeId=468556
N/A,N/A,N/A,N/A,N/A
The Sales Skills Book: A Concise Introduction to the Art of Selling,Gerald Zankl,$14.99,4.9 out of 5 stars,https://www.amazon.com#
Make 'Em Beg to Buy From You: 5 Preselling Secrets to Take Even Complete Strangers From Cold to Sold Before You Ever Make an Offer,Travis Sago,$19.99,4.7 out of 5 stars,https://www.amazon.com#
"Orders, Decorations, and Medals of the Democratic People's Republic of Korea",William A. Boik,N/A,5.0 out of 5 stars,https://www.amazon.com/Orders-Decorations-Democratic-Peoples-Republic/dp/0615190871/ref=sr_1_19?dib=eyJ2IjoiMSJ9.w2dAPXOqJ7YCYJ8tHEbujJfnJWWEm_nKHuvmIa1ElZkJTpHWa5qiIu_ilJuTEarRFZiIsxLKyaQkOpTChLDyZL-B6LpIs9en5uhZPtYFbyTpON_zdlzvs-IbTR6VUSWjw3vqJXfcpvUQkHvAJdksrbwLlZuARlpwKPOZ6Q_GETSFzMimThFvbAcwiTWSuBtdNKn7ijIKfm6ONJxeNJVvqnZhiYyYOKOQoTBSsFaS-6g._Q54oDgh0HfjeblIEfOcwZVpHBLVy7CzsUFF5H0nlDY&dib_tag=se&keywords=boiks&qid=1725472382&sr=8-19
Sandplay Therapy: A Step-by-Step Manual for Psychotherapists of Diverse Orientations (Norton Professional Books),Barbara Labovitz Boik,$26.75,4.6 out of 5 stars,https://www.amazon.com/Sandplay-Therapy-Step-Step-Psychotherapists/dp/0393703193/ref=sr_1_20?dib=eyJ2IjoiMSJ9.w2dAPXOqJ7YCYJ8tHEbujJfnJWWEm_nKHuvmIa1ElZkJTpHWa5qiIu_ilJuTEarRFZiIsxLKyaQkOpTChLDyZL-B6LpIs9en5uhZPtYFbyTpON_zdlzvs-IbTR6VUSWjw3vqJXfcpvUQkHvAJdksrbwLlZuARlpwKPOZ6Q_GETSFzMimThFvbAcwiTWSuBtdNKn7ijIKfm6ONJxeNJVvqnZhiYyYOKOQoTBSsFaS-6g._Q54oDgh0HfjeblIEfOcwZVpHBLVy7CzsUFF5H0nlDY&dib_tag=se&keywords=boiks&qid=1725472382&sr=8-20
Natural Compounds in Cancer Therapy: Promising Nontoxic Antitumor Agents From Plants & Other Natural Sources,John C. Boik,$32.00,4.6 out of 5 stars,https://www.amazon.com/Natural-Compounds-Cancer-Therapy-Promising/dp/0964828014/ref=sr_1_21?dib=eyJ2IjoiMSJ9.w2dAPXOqJ7YCYJ8tHEbujJfnJWWEm_nKHuvmIa1ElZkJTpHWa5qiIu_ilJuTEarRFZiIsxLKyaQkOpTChLDyZL-B6LpIs9en5uhZPtYFbyTpON_zdlzvs-IbTR6VUSWjw3vqJXfcpvUQkHvAJdksrbwLlZuARlpwKPOZ6Q_GETSFzMimThFvbAcwiTWSuBtdNKn7ijIKfm6ONJxeNJVvqnZhiYyYOKOQoTBSsFaS-6g._Q54oDgh0HfjeblIEfOcwZVpHBLVy7CzsUFF5H0nlDY&dib_tag=se&keywords=boiks&qid=1725472382&sr=8-21
N/A,N/A,N/A,N/A,N/A
N/A,N/A,N/A,N/A,N/A
ABC & 123 Learning Songs: Interactive Children's Sound Book (11 Button Sound) (11 Button Sound Book),Scarlett Wing,$11.49,4.6 out of 5 stars,https://www.amazon.com/ABC-123-Learning-Songs-Interactive/dp/1680521470/ref=sr_1_22?dib=eyJ2IjoiMSJ9.w2dAPXOqJ7YCYJ8tHEbujJfnJWWEm_nKHuvmIa1ElZkJTpHWa5qiIu_ilJuTEarRFZiIsxLKyaQkOpTChLDyZL-B6LpIs9en5uhZPtYFbyTpON_zdlzvs-IbTR6VUSWjw3vqJXfcpvUQkHvAJdksrbwLlZuARlpwKPOZ6Q_GETSFzMimThFvbAcwiTWSuBtdNKn7ijIKfm6ONJxeNJVvqnZhiYyYOKOQoTBSsFaS-6g._Q54oDgh0HfjeblIEfOcwZVpHBLVy7CzsUFF5H0nlDY&dib_tag=se&keywords=boiks&qid=1725472382&sr=8-22
Economic Direct Democracy: A Framework to End Poverty and Maximize Well-Being,John C. Boik,$9.99,4.3 out of 5 stars,https://www.amazon.com/Economic-Direct-Democracy-Framework-Well-Being-ebook/dp/B00KNOQ872/ref=sr_1_23?dib=eyJ2IjoiMSJ9.w2dAPXOqJ7YCYJ8tHEbujJfnJWWEm_nKHuvmIa1ElZkJTpHWa5qiIu_ilJuTEarRFZiIsxLKyaQkOpTChLDyZL-B6LpIs9en5uhZPtYFbyTpON_zdlzvs-IbTR6VUSWjw3vqJXfcpvUQkHvAJdksrbwLlZuARlpwKPOZ6Q_GETSFzMimThFvbAcwiTWSuBtdNKn7ijIKfm6ONJxeNJVvqnZhiYyYOKOQoTBSsFaS-6g._Q54oDgh0HfjeblIEfOcwZVpHBLVy7CzsUFF5H0nlDY&dib_tag=se&keywords=boiks&qid=1725472382&sr=8-23
"What May Seem True, May Not Be, Or Is It?: 11 Unusual Short Stories",R L Boik,$7.99,5.0 out of 5 stars,https://www.amazon.com/What-May-Seem-True-Not/dp/B099VF4LD6/ref=sr_1_24?dib=eyJ2IjoiMSJ9.w2dAPXOqJ7YCYJ8tHEbujJfnJWWEm_nKHuvmIa1ElZkJTpHWa5qiIu_ilJuTEarRFZiIsxLKyaQkOpTChLDyZL-B6LpIs9en5uhZPtYFbyTpON_zdlzvs-IbTR6VUSWjw3vqJXfcpvUQkHvAJdksrbwLlZuARlpwKPOZ6Q_GETSFzMimThFvbAcwiTWSuBtdNKn7ijIKfm6ONJxeNJVvqnZhiYyYOKOQoTBSsFaS-6g._Q54oDgh0HfjeblIEfOcwZVpHBLVy7CzsUFF5H0nlDY&dib_tag=se&keywords=boiks&qid=1725472382&sr=8-24
Lucas' Birthday Party,Kindle,$8.95,N/A,https://www.amazon.com/Lucas-Birthday-Party-Nicole-Boik-ebook/dp/B09DXNXCSV/ref=sr_1_25?dib=eyJ2IjoiMSJ9.w2dAPXOqJ7YCYJ8tHEbujJfnJWWEm_nKHuvmIa1ElZkJTpHWa5qiIu_ilJuTEarRFZiIsxLKyaQkOpTChLDyZL-B6LpIs9en5uhZPtYFbyTpON_zdlzvs-IbTR6VUSWjw3vqJXfcpvUQkHvAJdksrbwLlZuARlpwKPOZ6Q_GETSFzMimThFvbAcwiTWSuBtdNKn7ijIKfm6ONJxeNJVvqnZhiYyYOKOQoTBSsFaS-6g._Q54oDgh0HfjeblIEfOcwZVpHBLVy7CzsUFF5H0nlDY&dib_tag=se&keywords=boiks&qid=1725472382&sr=8-25
Beginning Band Book 3,Paperback,$12.99,N/A,https://www.amazon.com/Beginning-Band-Book-3/dp/0849775892/ref=sr_1_26?dib=eyJ2IjoiMSJ9.w2dAPXOqJ7YCYJ8tHEbujJfnJWWEm_nKHuvmIa1ElZkJTpHWa5qiIu_ilJuTEarRFZiIsxLKyaQkOpTChLDyZL-B6LpIs9en5uhZPtYFbyTpON_zdlzvs-IbTR6VUSWjw3vqJXfcpvUQkHvAJdksrbwLlZuARlpwKPOZ6Q_GETSFzMimThFvbAcwiTWSuBtdNKn7ijIKfm6ONJxeNJVvqnZhiYyYOKOQoTBSsFaS-6g._Q54oDgh0HfjeblIEfOcwZVpHBLVy7CzsUFF5H0nlDY&dib_tag=se&keywords=boiks&qid=1725472382&sr=8-26
What is the future of Our Nation,Podcast,$0.00,N/A,https://www.amazon.com/What-future-Our-Nation/dp/B0B82VTYPQ/ref=sr_1_27?dib=eyJ2IjoiMSJ9.w2dAPXOqJ7YCYJ8tHEbujJfnJWWEm_nKHuvmIa1ElZkJTpHWa5qiIu_ilJuTEarRFZiIsxLKyaQkOpTChLDyZL-B6LpIs9en5uhZPtYFbyTpON_zdlzvs-IbTR6VUSWjw3vqJXfcpvUQkHvAJdksrbwLlZuARlpwKPOZ6Q_GETSFzMimThFvbAcwiTWSuBtdNKn7ijIKfm6ONJxeNJVvqnZhiYyYOKOQoTBSsFaS-6g._Q54oDgh0HfjeblIEfOcwZVpHBLVy7CzsUFF5H0nlDY&dib_tag=se&keywords=boiks&qid=1725472382&sr=8-27
"Understanding the North Korea problem : why it has become the ""land of lousy options"" / William Boik. 2011 [Leather Bound]",William A. Boik,$15.69,3.5 out of 5 stars,https://www.amazon.com/Understanding-North-Korea-problem-options/dp/B0BLN1RSH7/ref=sr_1_28?dib=eyJ2IjoiMSJ9.w2dAPXOqJ7YCYJ8tHEbujJfnJWWEm_nKHuvmIa1ElZkJTpHWa5qiIu_ilJuTEarRFZiIsxLKyaQkOpTChLDyZL-B6LpIs9en5uhZPtYFbyTpON_zdlzvs-IbTR6VUSWjw3vqJXfcpvUQkHvAJdksrbwLlZuARlpwKPOZ6Q_GETSFzMimThFvbAcwiTWSuBtdNKn7ijIKfm6ONJxeNJVvqnZhiYyYOKOQoTBSsFaS-6g._Q54oDgh0HfjeblIEfOcwZVpHBLVy7CzsUFF5H0nlDY&dib_tag=se&keywords=boiks&qid=1725472382&sr=8-28
My Journal,Paperback,$6.99,N/A,https://www.amazon.com/My-Journal-Journey-boik/dp/B0CKN5K1CK/ref=sr_1_29?dib=eyJ2IjoiMSJ9.w2dAPXOqJ7YCYJ8tHEbujJfnJWWEm_nKHuvmIa1ElZkJTpHWa5qiIu_ilJuTEarRFZiIsxLKyaQkOpTChLDyZL-B6LpIs9en5uhZPtYFbyTpON_zdlzvs-IbTR6VUSWjw3vqJXfcpvUQkHvAJdksrbwLlZuARlpwKPOZ6Q_GETSFzMimThFvbAcwiTWSuBtdNKn7ijIKfm6ONJxeNJVvqnZhiYyYOKOQoTBSsFaS-6g._Q54oDgh0HfjeblIEfOcwZVpHBLVy7CzsUFF5H0nlDY&dib_tag=se&keywords=boiks&qid=1725472382&sr=8-29
"Orders, Decorations, and Medals of the Russian Federation Since 1991",Paperback,N/A,N/A,https://www.amazon.com/Orders-Decorations-Medals-Russian-Federation/dp/0981610242/ref=sr_1_30?dib=eyJ2IjoiMSJ9.w2dAPXOqJ7YCYJ8tHEbujJfnJWWEm_nKHuvmIa1ElZkJTpHWa5qiIu_ilJuTEarRFZiIsxLKyaQkOpTChLDyZL-B6LpIs9en5uhZPtYFbyTpON_zdlzvs-IbTR6VUSWjw3vqJXfcpvUQkHvAJdksrbwLlZuARlpwKPOZ6Q_GETSFzMimThFvbAcwiTWSuBtdNKn7ijIKfm6ONJxeNJVvqnZhiYyYOKOQoTBSsFaS-6g._Q54oDgh0HfjeblIEfOcwZVpHBLVy7CzsUFF5H0nlDY&dib_tag=se&keywords=boiks&qid=1725472382&sr=8-30
"Steve Irwin (Little People, BIG DREAMS, 104)",Maria Isabel Sanchez Vegara,$12.24,4.8 out of 5 stars,https://www.amazon.com/Steve-Irwin-Little-People-DREAMS/dp/0711285659/ref=sr_1_31?dib=eyJ2IjoiMSJ9.w2dAPXOqJ7YCYJ8tHEbujJfnJWWEm_nKHuvmIa1ElZkJTpHWa5qiIu_ilJuTEarRFZiIsxLKyaQkOpTChLDyZL-B6LpIs9en5uhZPtYFbyTpON_zdlzvs-IbTR6VUSWjw3vqJXfcpvUQkHvAJdksrbwLlZuARlpwKPOZ6Q_GETSFzMimThFvbAcwiTWSuBtdNKn7ijIKfm6ONJxeNJVvqnZhiYyYOKOQoTBSsFaS-6g._Q54oDgh0HfjeblIEfOcwZVpHBLVy7CzsUFF5H0nlDY&dib_tag=se&keywords=boiks&qid=1725472382&sr=8-31
Crossword Puzzles Skill Improving Boik,Paperback,$45.00,N/A,https://www.amazon.com/Crossword-Puzzles-Skill-Improving-Boik/dp/B0BJ57K42Z/ref=sr_1_32?dib=eyJ2IjoiMSJ9.w2dAPXOqJ7YCYJ8tHEbujJfnJWWEm_nKHuvmIa1ElZkJTpHWa5qiIu_ilJuTEarRFZiIsxLKyaQkOpTChLDyZL-B6LpIs9en5uhZPtYFbyTpON_zdlzvs-IbTR6VUSWjw3vqJXfcpvUQkHvAJdksrbwLlZuARlpwKPOZ6Q_GETSFzMimThFvbAcwiTWSuBtdNKn7ijIKfm6ONJxeNJVvqnZhiYyYOKOQoTBSsFaS-6g._Q54oDgh0HfjeblIEfOcwZVpHBLVy7CzsUFF5H0nlDY&dib_tag=se&keywords=boiks&qid=1725472382&sr=8-32
Leçons des maîtres de la Bourse,John Boik,$45.72,5.0 out of 5 stars,https://www.amazon.com/Le%C3%83%C2%A7ons-ma%C3%83%C2%AEtres-Bourse/dp/2909356574/ref=sr_1_33?dib=eyJ2IjoiMSJ9.w2dAPXOqJ7YCYJ8tHEbujJfnJWWEm_nKHuvmIa1ElZkJTpHWa5qiIu_ilJuTEarRFZiIsxLKyaQkOpTChLDyZL-B6LpIs9en5uhZPtYFbyTpON_zdlzvs-IbTR6VUSWjw3vqJXfcpvUQkHvAJdksrbwLlZuARlpwKPOZ6Q_GETSFzMimThFvbAcwiTWSuBtdNKn7ijIKfm6ONJxeNJVvqnZhiYyYOKOQoTBSsFaS-6g._Q54oDgh0HfjeblIEfOcwZVpHBLVy7CzsUFF5H0nlDY&dib_tag=se&keywords=boiks&qid=1725472382&sr=8-33
Sabotage: A Dark Enemies to Lovers Romance,Shantel  Tessier,$0.00,4.2 out of 5 stars,https://www.amazon.com/Sabotage-Dark-Enemies-Lovers-Romance-ebook/dp/B09V2J7P9F/ref=sr_1_34?dib=eyJ2IjoiMSJ9.w2dAPXOqJ7YCYJ8tHEbujJfnJWWEm_nKHuvmIa1ElZkJTpHWa5qiIu_ilJuTEarRFZiIsxLKyaQkOpTChLDyZL-B6LpIs9en5uhZPtYFbyTpON_zdlzvs-IbTR6VUSWjw3vqJXfcpvUQkHvAJdksrbwLlZuARlpwKPOZ6Q_GETSFzMimThFvbAcwiTWSuBtdNKn7ijIKfm6ONJxeNJVvqnZhiYyYOKOQoTBSsFaS-6g._Q54oDgh0HfjeblIEfOcwZVpHBLVy7CzsUFF5H0nlDY&dib_tag=se&keywords=boiks&qid=1725472382&sr=8-34
Do or Die: Transform Your Survival Instinct Into a Winner’s Mindset,Matan Nistor,$9.99,4.9 out of 5 stars,https://www.amazon.com#
100 Case Studies on Strategy & Transformation,Kindle Edition,$0.00,5.0 out of 5 stars,https://www.amazon.com#
N/A,N/A,N/A,N/A,N/A
N/A,N/A,N/A,N/A,N/A
N/A,Visit the help section,N/A,N/A,https://www.amazon.com/gp/help/customer/display.html?nodeId=468556
N/A,N/A,N/A,N/A,N/A
"Boom!: Leadership that Breaks Barriers, Challenges Convention, and Ignites Innovation","John ""Dragon"" Teichert",$22.00,5.0 out of 5 stars,https://www.amazon.com#
The Sales Skills Book: A Concise Introduction to the Art of Selling,Gerald Zankl,$14.99,4.9 out of 5 stars,https://www.amazon.com#
Worth Dying For: A Navy Seal's Call to a Nation,Audible Audiobook,$0.00,4.6 out of 5 stars,https://www.amazon.com/Worth-Dying-For-Navy-Seal-audiobook/dp/B01COQ5KHU/ref=sr_1_35?dib=eyJ2IjoiMSJ9.hLqTx_D49izABQxsaWRS_97ARdN5mSLM5SoZD-vYfL1_33RWEcew8k-FOcqjcRLYgWILRDSnFgHLN8lStfE0EDvemuvJhr4a8esZO5Lg9pmBK7FJS-Bnw45qsYKM0RMjGCPB1km6-jFojSchSI1WInFCd7-eXqsCVEsjG0lUiE6-pVW_7U7u8sI8JZp-_liRejJFeMY4rJeoTWHeH_g_b42kxzLgGS5nni3gtfac93I.okSwkKwZeF-WUe2aRSHJI3JHb00b-L5enP2KXtpWfG4&dib_tag=se&keywords=boiks&qid=1725472384&sr=8-35
Jan Karon's Mitford Cookbook and Kitchen Reader,Jan Karon,$24.01,4.8 out of 5 stars,https://www.amazon.com/Karons-Mitford-Cookbook-Kitchen-Reader/dp/0670032395/ref=sr_1_36?dib=eyJ2IjoiMSJ9.hLqTx_D49izABQxsaWRS_97ARdN5mSLM5SoZD-vYfL1_33RWEcew8k-FOcqjcRLYgWILRDSnFgHLN8lStfE0EDvemuvJhr4a8esZO5Lg9pmBK7FJS-Bnw45qsYKM0RMjGCPB1km6-jFojSchSI1WInFCd7-eXqsCVEsjG0lUiE6-pVW_7U7u8sI8JZp-_liRejJFeMY4rJeoTWHeH_g_b42kxzLgGS5nni3gtfac93I.okSwkKwZeF-WUe2aRSHJI3JHb00b-L5enP2KXtpWfG4&dib_tag=se&keywords=boiks&qid=1725472384&sr=8-36
The African Grey Parrot Handbook (Barron's Pet Handbooks),Mattie Sue Athan,N/A,4.7 out of 5 stars,https://www.amazon.com/African-Parrot-Handbook-Barrons-Handbooks/dp/0764141406/ref=sr_1_37?dib=eyJ2IjoiMSJ9.hLqTx_D49izABQxsaWRS_97ARdN5mSLM5SoZD-vYfL1_33RWEcew8k-FOcqjcRLYgWILRDSnFgHLN8lStfE0EDvemuvJhr4a8esZO5Lg9pmBK7FJS-Bnw45qsYKM0RMjGCPB1km6-jFojSchSI1WInFCd7-eXqsCVEsjG0lUiE6-pVW_7U7u8sI8JZp-_liRejJFeMY4rJeoTWHeH_g_b42kxzLgGS5nni3gtfac93I.okSwkKwZeF-WUe2aRSHJI3JHb00b-L5enP2KXtpWfG4&dib_tag=se&keywords=boiks&qid=1725472384&sr=8-37
N/A,N/A,N/A,N/A,N/A
N/A,N/A,N/A,N/A,N/A
OÌ„gon no okite : Hasan kaihijutsu,John Boik; Toshiaki Suzuki,$15.21,4.1 out of 5 stars,https://www.amazon.com/O%C3%8C-gon-okite-Hasan-kaihijutsu/dp/4775930745/ref=sr_1_38?dib=eyJ2IjoiMSJ9.hLqTx_D49izABQxsaWRS_97ARdN5mSLM5SoZD-vYfL1_33RWEcew8k-FOcqjcRLYgWILRDSnFgHLN8lStfE0EDvemuvJhr4a8esZO5Lg9pmBK7FJS-Bnw45qsYKM0RMjGCPB1km6-jFojSchSI1WInFCd7-eXqsCVEsjG0lUiE6-pVW_7U7u8sI8JZp-_liRejJFeMY4rJeoTWHeH_g_b42kxzLgGS5nni3gtfac93I.okSwkKwZeF-WUe2aRSHJI3JHb00b-L5enP2KXtpWfG4&dib_tag=se&keywords=boiks&qid=1725472384&sr=8-38
The Jazz Harmony Book,David Berkman,$34.00,4.7 out of 5 stars,https://www.amazon.com/Jazz-Harmony-Book-David-Berkman/dp/1883217792/ref=sr_1_39?dib=eyJ2IjoiMSJ9.hLqTx_D49izABQxsaWRS_97ARdN5mSLM5SoZD-vYfL1_33RWEcew8k-FOcqjcRLYgWILRDSnFgHLN8lStfE0EDvemuvJhr4a8esZO5Lg9pmBK7FJS-Bnw45qsYKM0RMjGCPB1km6-jFojSchSI1WInFCd7-eXqsCVEsjG0lUiE6-pVW_7U7u8sI8JZp-_liRejJFeMY4rJeoTWHeH_g_b42kxzLgGS5nni3gtfac93I.okSwkKwZeF-WUe2aRSHJI3JHb00b-L5enP2KXtpWfG4&dib_tag=se&keywords=boiks&qid=1725472384&sr=8-39
How to Read Tarot: A Modern Guide,Jessica Wiggan,$12.32,4.8 out of 5 stars,https://www.amazon.com/How-Read-Tarot-Modern-Guide/dp/1641524391/ref=sr_1_40?dib=eyJ2IjoiMSJ9.hLqTx_D49izABQxsaWRS_97ARdN5mSLM5SoZD-vYfL1_33RWEcew8k-FOcqjcRLYgWILRDSnFgHLN8lStfE0EDvemuvJhr4a8esZO5Lg9pmBK7FJS-Bnw45qsYKM0RMjGCPB1km6-jFojSchSI1WInFCd7-eXqsCVEsjG0lUiE6-pVW_7U7u8sI8JZp-_liRejJFeMY4rJeoTWHeH_g_b42kxzLgGS5nni3gtfac93I.okSwkKwZeF-WUe2aRSHJI3JHb00b-L5enP2KXtpWfG4&dib_tag=se&keywords=boiks&qid=1725472384&sr=8-40
Play Something Dancy,Dee Simon,$4.99,4.0 out of 5 stars,https://www.amazon.com/Play-Something-Dancy-Dee-Simon-ebook/dp/B009SQ1KE2/ref=sr_1_41?dib=eyJ2IjoiMSJ9.hLqTx_D49izABQxsaWRS_97ARdN5mSLM5SoZD-vYfL1_33RWEcew8k-FOcqjcRLYgWILRDSnFgHLN8lStfE0EDvemuvJhr4a8esZO5Lg9pmBK7FJS-Bnw45qsYKM0RMjGCPB1km6-jFojSchSI1WInFCd7-eXqsCVEsjG0lUiE6-pVW_7U7u8sI8JZp-_liRejJFeMY4rJeoTWHeH_g_b42kxzLgGS5nni3gtfac93I.okSwkKwZeF-WUe2aRSHJI3JHb00b-L5enP2KXtpWfG4&dib_tag=se&keywords=boiks&qid=1725472384&sr=8-41
"The Storm Sister: The Seven Sisters, Book 2",Audible Audiobook,$0.00,4.5 out of 5 stars,https://www.amazon.com/Storm-Sister-Seven-Sisters-Book/dp/B09M7FTKSZ/ref=sr_1_42?dib=eyJ2IjoiMSJ9.hLqTx_D49izABQxsaWRS_97ARdN5mSLM5SoZD-vYfL1_33RWEcew8k-FOcqjcRLYgWILRDSnFgHLN8lStfE0EDvemuvJhr4a8esZO5Lg9pmBK7FJS-Bnw45qsYKM0RMjGCPB1km6-jFojSchSI1WInFCd7-eXqsCVEsjG0lUiE6-pVW_7U7u8sI8JZp-_liRejJFeMY4rJeoTWHeH_g_b42kxzLgGS5nni3gtfac93I.okSwkKwZeF-WUe2aRSHJI3JHb00b-L5enP2KXtpWfG4&dib_tag=se&keywords=boiks&qid=1725472384&sr=8-42
"Perezhite osobisto, abo M³tla. Na Ukrainskom Iazyke. Spogadi.",Hardcover,N/A,N/A,https://www.amazon.com/Perezhite-osobisto-Ukrainskom-Iazyke-Spogadi/dp/B01FCPF9CG/ref=sr_1_43?dib=eyJ2IjoiMSJ9.hLqTx_D49izABQxsaWRS_97ARdN5mSLM5SoZD-vYfL1_33RWEcew8k-FOcqjcRLYgWILRDSnFgHLN8lStfE0EDvemuvJhr4a8esZO5Lg9pmBK7FJS-Bnw45qsYKM0RMjGCPB1km6-jFojSchSI1WInFCd7-eXqsCVEsjG0lUiE6-pVW_7U7u8sI8JZp-_liRejJFeMY4rJeoTWHeH_g_b42kxzLgGS5nni3gtfac93I.okSwkKwZeF-WUe2aRSHJI3JHb00b-L5enP2KXtpWfG4&dib_tag=se&keywords=boiks&qid=1725472384&sr=8-43
Maurya Crossword Puzzle Book,Paperback,$25.00,N/A,https://www.amazon.com/Maurya-Crossword-Puzzle-Book-Jitendra/dp/B0B3F1K2CJ/ref=sr_1_44?dib=eyJ2IjoiMSJ9.hLqTx_D49izABQxsaWRS_97ARdN5mSLM5SoZD-vYfL1_33RWEcew8k-FOcqjcRLYgWILRDSnFgHLN8lStfE0EDvemuvJhr4a8esZO5Lg9pmBK7FJS-Bnw45qsYKM0RMjGCPB1km6-jFojSchSI1WInFCd7-eXqsCVEsjG0lUiE6-pVW_7U7u8sI8JZp-_liRejJFeMY4rJeoTWHeH_g_b42kxzLgGS5nni3gtfac93I.okSwkKwZeF-WUe2aRSHJI3JHb00b-L5enP2KXtpWfG4&dib_tag=se&keywords=boiks&qid=1725472384&sr=8-44
CROSSWORD PUZZLE BOOK : 4,Paperback,$25.00,N/A,https://www.amazon.com/CROSSWORD-PUZZLE-BOOK-AJAY-THORAT/dp/B0B3MXWRL1/ref=sr_1_45?dib=eyJ2IjoiMSJ9.hLqTx_D49izABQxsaWRS_97ARdN5mSLM5SoZD-vYfL1_33RWEcew8k-FOcqjcRLYgWILRDSnFgHLN8lStfE0EDvemuvJhr4a8esZO5Lg9pmBK7FJS-Bnw45qsYKM0RMjGCPB1km6-jFojSchSI1WInFCd7-eXqsCVEsjG0lUiE6-pVW_7U7u8sI8JZp-_liRejJFeMY4rJeoTWHeH_g_b42kxzLgGS5nni3gtfac93I.okSwkKwZeF-WUe2aRSHJI3JHb00b-L5enP2KXtpWfG4&dib_tag=se&keywords=boiks&qid=1725472384&sr=8-45
Kids drawing book,Paperback,$55.00,N/A,https://www.amazon.com/Kids-drawing-book-Shashi-Ranjan/dp/B09FC6HCZK/ref=sr_1_46?dib=eyJ2IjoiMSJ9.hLqTx_D49izABQxsaWRS_97ARdN5mSLM5SoZD-vYfL1_33RWEcew8k-FOcqjcRLYgWILRDSnFgHLN8lStfE0EDvemuvJhr4a8esZO5Lg9pmBK7FJS-Bnw45qsYKM0RMjGCPB1km6-jFojSchSI1WInFCd7-eXqsCVEsjG0lUiE6-pVW_7U7u8sI8JZp-_liRejJFeMY4rJeoTWHeH_g_b42kxzLgGS5nni3gtfac93I.okSwkKwZeF-WUe2aRSHJI3JHb00b-L5enP2KXtpWfG4&dib_tag=se&keywords=boiks&qid=1725472384&sr=8-46
"Animal coloring book for Kids, Over 100 Happy Animal Scenes coloring pages, Wild Animals, Domestic Animals, Sea Creatures, Birds and Insects.",Le Chat,$5.14,N/A,https://www.amazon.com/coloring-Animals-Domestic-Creatures-Insects/dp/B09YP7KN1C/ref=sr_1_47?dib=eyJ2IjoiMSJ9.hLqTx_D49izABQxsaWRS_97ARdN5mSLM5SoZD-vYfL1_33RWEcew8k-FOcqjcRLYgWILRDSnFgHLN8lStfE0EDvemuvJhr4a8esZO5Lg9pmBK7FJS-Bnw45qsYKM0RMjGCPB1km6-jFojSchSI1WInFCd7-eXqsCVEsjG0lUiE6-pVW_7U7u8sI8JZp-_liRejJFeMY4rJeoTWHeH_g_b42kxzLgGS5nni3gtfac93I.okSwkKwZeF-WUe2aRSHJI3JHb00b-L5enP2KXtpWfG4&dib_tag=se&keywords=boiks&qid=1725472384&sr=8-47
Happy child coloring book: activity book for children age 2-4,Paperback,$9.79,N/A,https://www.amazon.com/Happy-child-coloring-book-activity/dp/B0B8D5X741/ref=sr_1_48?dib=eyJ2IjoiMSJ9.hLqTx_D49izABQxsaWRS_97ARdN5mSLM5SoZD-vYfL1_33RWEcew8k-FOcqjcRLYgWILRDSnFgHLN8lStfE0EDvemuvJhr4a8esZO5Lg9pmBK7FJS-Bnw45qsYKM0RMjGCPB1km6-jFojSchSI1WInFCd7-eXqsCVEsjG0lUiE6-pVW_7U7u8sI8JZp-_liRejJFeMY4rJeoTWHeH_g_b42kxzLgGS5nni3gtfac93I.okSwkKwZeF-WUe2aRSHJI3JHb00b-L5enP2KXtpWfG4&dib_tag=se&keywords=boiks&qid=1725472384&sr=8-48
"Animals drawing and coloring book for kids: A coloring and drawing book 100 pages for 3-10 year olds with 50 great animals to color and draw, for little boys and girls",Paperback,$10.00,N/A,https://www.amazon.com/Animals-drawing-coloring-book-kids/dp/B09BSZXYKJ/ref=sr_1_49?dib=eyJ2IjoiMSJ9.hLqTx_D49izABQxsaWRS_97ARdN5mSLM5SoZD-vYfL1_33RWEcew8k-FOcqjcRLYgWILRDSnFgHLN8lStfE0EDvemuvJhr4a8esZO5Lg9pmBK7FJS-Bnw45qsYKM0RMjGCPB1km6-jFojSchSI1WInFCd7-eXqsCVEsjG0lUiE6-pVW_7U7u8sI8JZp-_liRejJFeMY4rJeoTWHeH_g_b42kxzLgGS5nni3gtfac93I.okSwkKwZeF-WUe2aRSHJI3JHb00b-L5enP2KXtpWfG4&dib_tag=se&keywords=boiks&qid=1725472384&sr=8-49
Whiskers & Colors: A Mouse Coloring Adventur,Paperback,$30.00,N/A,https://www.amazon.com/Whiskers-Colors-Mouse-Coloring-Adventur/dp/B0D3WXZZ3M/ref=sr_1_50?dib=eyJ2IjoiMSJ9.hLqTx_D49izABQxsaWRS_97ARdN5mSLM5SoZD-vYfL1_33RWEcew8k-FOcqjcRLYgWILRDSnFgHLN8lStfE0EDvemuvJhr4a8esZO5Lg9pmBK7FJS-Bnw45qsYKM0RMjGCPB1km6-jFojSchSI1WInFCd7-eXqsCVEsjG0lUiE6-pVW_7U7u8sI8JZp-_liRejJFeMY4rJeoTWHeH_g_b42kxzLgGS5nni3gtfac93I.okSwkKwZeF-WUe2aRSHJI3JHb00b-L5enP2KXtpWfG4&dib_tag=se&keywords=boiks&qid=1725472384&sr=8-50
N/A,N/A,N/A,N/A,N/A
N/A,N/A,N/A,N/A,N/A
N/A,Visit the help section,N/A,N/A,https://www.amazon.com/gp/help/customer/display.html?nodeId=468556
N/A,N/A,N/A,N/A,N/A
N/A,N/A,N/A,N/A,N/A
The Sales Skills Book: A Concise Introduction to the Art of Selling,Gerald Zankl,$14.99,4.9 out of 5 stars,https://www.amazon.com#
Mailed It!: A Guide to Crafting Emails That Build Relationships and Get Results,Ashley Budd,$21.95,5.0 out of 5 stars,https://www.amazon.com#
Whiskers & Colors: A Mouse Coloring Adventur,Paperback,$30.00,N/A,https://www.amazon.com/Whiskers-Colors-Mouse-Coloring-Adventur/dp/B0D3WXZZ3M/ref=sr_1_51?dib=eyJ2IjoiMSJ9.PsIeAAZ_lVrZspzZTn2WYzM4gBvdyMe3Ag4VXn6TKFIwXi0NheN_C1aO475n_L_egRh0y4KEHXU3H6pNn7LFJiz6Slyej4k5nquuUfQObcR0q1mMVxriKsnVa_u1p1dSzObn4FOaVXjP2DLuep1iycN77rLZagWFiJoC1iY1rV8.0kThqmWwPFQbWgPed-ZHoiw7b9yeM-EeQ2ISkhRTdgs&dib_tag=se&keywords=boiks&qid=1725472386&sr=8-51
Talanti Boik³vshini. Na Ukrainskom Iazyke.,Hardcover,N/A,N/A,https://www.amazon.com/Talanti-Boik%C2%B3vshini-Na-Ukrainskom-Iazyke/dp/B01FCPCZSW/ref=sr_1_52?dib=eyJ2IjoiMSJ9.PsIeAAZ_lVrZspzZTn2WYzM4gBvdyMe3Ag4VXn6TKFIwXi0NheN_C1aO475n_L_egRh0y4KEHXU3H6pNn7LFJiz6Slyej4k5nquuUfQObcR0q1mMVxriKsnVa_u1p1dSzObn4FOaVXjP2DLuep1iycN77rLZagWFiJoC1iY1rV8.0kThqmWwPFQbWgPed-ZHoiw7b9yeM-EeQ2ISkhRTdgs&dib_tag=se&keywords=boiks&qid=1725472386&sr=8-52
all are good : game book,Kindle Edition,$0.99,N/A,https://www.amazon.com/all-are-good-game-book-ebook/dp/B0B93Z2NYF/ref=sr_1_53?dib=eyJ2IjoiMSJ9.PsIeAAZ_lVrZspzZTn2WYzM4gBvdyMe3Ag4VXn6TKFIwXi0NheN_C1aO475n_L_egRh0y4KEHXU3H6pNn7LFJiz6Slyej4k5nquuUfQObcR0q1mMVxriKsnVa_u1p1dSzObn4FOaVXjP2DLuep1iycN77rLZagWFiJoC1iY1rV8.0kThqmWwPFQbWgPed-ZHoiw7b9yeM-EeQ2ISkhRTdgs&dib_tag=se&keywords=boiks&qid=1725472386&sr=8-53
N/A,N/A,N/A,N/A,N/A
The Hour Of Positive Change : Words That Energized The Future,Chrissaint  Trivett,$3.95,N/A,https://www.amazon.com/Hour-Positive-Change-Energized-Future-ebook/dp/B0BQBB5TPY/ref=sr_1_54?dib=eyJ2IjoiMSJ9.PsIeAAZ_lVrZspzZTn2WYzM4gBvdyMe3Ag4VXn6TKFIwXi0NheN_C1aO475n_L_egRh0y4KEHXU3H6pNn7LFJiz6Slyej4k5nquuUfQObcR0q1mMVxriKsnVa_u1p1dSzObn4FOaVXjP2DLuep1iycN77rLZagWFiJoC1iY1rV8.0kThqmWwPFQbWgPed-ZHoiw7b9yeM-EeQ2ISkhRTdgs&dib_tag=se&keywords=boiks&qid=1725472386&sr=8-54
"MILA KUNIS: A Star Journey From Ukraine To Hollywood, Biography, Early Life, And Achievement (America Actress Biography Book 13)",Kindle,$6.00,N/A,https://www.amazon.com/MILA-KUNIS-Hollywood-Biography-Achievement-ebook/dp/B0CV3ZQJ29/ref=sr_1_55?dib=eyJ2IjoiMSJ9.PsIeAAZ_lVrZspzZTn2WYzM4gBvdyMe3Ag4VXn6TKFIwXi0NheN_C1aO475n_L_egRh0y4KEHXU3H6pNn7LFJiz6Slyej4k5nquuUfQObcR0q1mMVxriKsnVa_u1p1dSzObn4FOaVXjP2DLuep1iycN77rLZagWFiJoC1iY1rV8.0kThqmWwPFQbWgPed-ZHoiw7b9yeM-EeQ2ISkhRTdgs&dib_tag=se&keywords=boiks&qid=1725472386&sr=8-55
Happy days,Paperback,$23.00,N/A,https://www.amazon.com/Happy-days-S-Md-Basha/dp/B09PMBLSHW/ref=sr_1_56?dib=eyJ2IjoiMSJ9.PsIeAAZ_lVrZspzZTn2WYzM4gBvdyMe3Ag4VXn6TKFIwXi0NheN_C1aO475n_L_egRh0y4KEHXU3H6pNn7LFJiz6Slyej4k5nquuUfQObcR0q1mMVxriKsnVa_u1p1dSzObn4FOaVXjP2DLuep1iycN77rLZagWFiJoC1iY1rV8.0kThqmWwPFQbWgPed-ZHoiw7b9yeM-EeQ2ISkhRTdgs&dib_tag=se&keywords=boiks&qid=1725472386&sr=8-56
Silly Billy Goes Fishing: short kids stories bedtime tale for children (Silly Billy The Big Bad Wolf),Beata Noemi Balint,$9.80,5.0 out of 5 stars,https://www.amazon.com/Silly-Billy-Goes-Fishing-children/dp/1731049749/ref=sr_1_57?dib=eyJ2IjoiMSJ9.PsIeAAZ_lVrZspzZTn2WYzM4gBvdyMe3Ag4VXn6TKFIwXi0NheN_C1aO475n_L_egRh0y4KEHXU3H6pNn7LFJiz6Slyej4k5nquuUfQObcR0q1mMVxriKsnVa_u1p1dSzObn4FOaVXjP2DLuep1iycN77rLZagWFiJoC1iY1rV8.0kThqmWwPFQbWgPed-ZHoiw7b9yeM-EeQ2ISkhRTdgs&dib_tag=se&keywords=boiks&qid=1725472386&sr=8-57
Kl³n³chna b³okh³m³ia. Na Ukrainskom Iazyke. Kurs Lekts³i Dlia Student³v Vishikh Navchal'nikh Medichnikh Zaklad³v.,Hardcover,N/A,N/A,https://www.amazon.com/Kl%C2%B3n%C2%B3chna-b%C2%B3okh%C2%B3m%C2%B3ia-Ukrainskom-Navchalnikh-Medichnikh/dp/B01FCP92GA/ref=sr_1_58?dib=eyJ2IjoiMSJ9.PsIeAAZ_lVrZspzZTn2WYzM4gBvdyMe3Ag4VXn6TKFIwXi0NheN_C1aO475n_L_egRh0y4KEHXU3H6pNn7LFJiz6Slyej4k5nquuUfQObcR0q1mMVxriKsnVa_u1p1dSzObn4FOaVXjP2DLuep1iycN77rLZagWFiJoC1iY1rV8.0kThqmWwPFQbWgPed-ZHoiw7b9yeM-EeQ2ISkhRTdgs&dib_tag=se&keywords=boiks&qid=1725472386&sr=8-58
Discerning the Voice of God: How to Recognize When He Speaks,Priscilla Shirer,$8.07,4.8 out of 5 stars,https://www.amazon.com/Discerning-Voice-God-Recognize-Speaks-ebook/dp/B006ODDU72/ref=sr_1_59?dib=eyJ2IjoiMSJ9.PsIeAAZ_lVrZspzZTn2WYzM4gBvdyMe3Ag4VXn6TKFIwXi0NheN_C1aO475n_L_egRh0y4KEHXU3H6pNn7LFJiz6Slyej4k5nquuUfQObcR0q1mMVxriKsnVa_u1p1dSzObn4FOaVXjP2DLuep1iycN77rLZagWFiJoC1iY1rV8.0kThqmWwPFQbWgPed-ZHoiw7b9yeM-EeQ2ISkhRTdgs&dib_tag=se&keywords=boiks&qid=1725472386&sr=8-59
Something Real,J.J. Murray,$3.99,4.2 out of 5 stars,https://www.amazon.com/Something-Real-J-J-Murray-ebook/dp/B00TE6PDSK/ref=sr_1_60?dib=eyJ2IjoiMSJ9.PsIeAAZ_lVrZspzZTn2WYzM4gBvdyMe3Ag4VXn6TKFIwXi0NheN_C1aO475n_L_egRh0y4KEHXU3H6pNn7LFJiz6Slyej4k5nquuUfQObcR0q1mMVxriKsnVa_u1p1dSzObn4FOaVXjP2DLuep1iycN77rLZagWFiJoC1iY1rV8.0kThqmWwPFQbWgPed-ZHoiw7b9yeM-EeQ2ISkhRTdgs&dib_tag=se&keywords=boiks&qid=1725472386&sr=8-60
CNOR Exam Secrets Study Guide: CNOR Test Review for the CNOR Exam,Paperback,$103.49,4.4 out of 5 stars,https://www.amazon.com/CNOR-Exam-Secrets-Study-Guide/dp/1609710002/ref=sr_1_61?dib=eyJ2IjoiMSJ9.PsIeAAZ_lVrZspzZTn2WYzM4gBvdyMe3Ag4VXn6TKFIwXi0NheN_C1aO475n_L_egRh0y4KEHXU3H6pNn7LFJiz6Slyej4k5nquuUfQObcR0q1mMVxriKsnVa_u1p1dSzObn4FOaVXjP2DLuep1iycN77rLZagWFiJoC1iY1rV8.0kThqmWwPFQbWgPed-ZHoiw7b9yeM-EeQ2ISkhRTdgs&dib_tag=se&keywords=boiks&qid=1725472386&sr=8-61
Do or Die: Transform Your Survival Instinct Into a Winner’s Mindset,Matan Nistor,$9.99,4.9 out of 5 stars,https://www.amazon.com#
"The Art of Developing New Leadership Skills: Unlock Potential, Inspire Others to Rise, Navigate Change, Motivate Teams and Resolve Conflicts with Compassion",Marta Dine,$10.99,5.0 out of 5 stars,https://www.amazon.com#
"Jesse True Collection, Books 1-4: The Power of Emotions & How to Deal with Big Feelings",Paperback,$14.74,4.5 out of 5 stars,https://www.amazon.comhttps://aax-us-iad.amazon.com/x/c/JCUS-iKL_UjuPgOqfJzYgI4AAAGRviswOwEAAAH2AQBvbm9fdHhuX2JpZDIgICBvbm9fdHhuX2ltcDEgICC9TrHv/https://www.amazon.com/Jesse-True-Collection-Emotion-Feelings/dp/1736209302/ref=sxbs_sbv_search_btf?content-id=amzn1.sym.805ca70d-e057-4820-b9b3-729eee71f8a9%3Aamzn1.sym.805ca70d-e057-4820-b9b3-729eee71f8a9&cv_ct_cx=boiks&dib=eyJ2IjoiMSJ9.1SonMVYVhmddowFWb7xvOQ.rDLNwJ1OQCNM-q_H2kmH-CTDaDO8pXE8RhvldJnchMs&dib_tag=se&keywords=boiks&pd_rd_i=1736209302&pd_rd_r=6a46e8ee-f9f6-45d1-aa0d-9aab9bd6946b&pd_rd_w=j8mEk&pd_rd_wg=lQVTT&pf_rd_p=805ca70d-e057-4820-b9b3-729eee71f8a9&pf_rd_r=2V0K9NVJ6DS7PHY2VE0H&qid=1725472386&sbo=RZvfv%2F%2FHxDF%2BO5021pAnSA%3D%3D&sr=1-49-48f7baba-8e26-45f3-8811-e1a601ad20bf
N/A,N/A,N/A,N/A,N/A
N/A,N/A,N/A,N/A,N/A
N/A,Visit the help section,N/A,N/A,https://www.amazon.com/gp/help/customer/display.html?nodeId=468556
N/A,N/A,N/A,N/A,N/A
The Sales Skills Book: A Concise Introduction to the Art of Selling,Gerald Zankl,$14.99,4.9 out of 5 stars,https://www.amazon.com#
Get Scalable: The Operating System Your Business Needs To Run and Scale Without You,Ryan Deiss,$24.93,4.6 out of 5 stars,https://www.amazon.com#
N/A,N/A,N/A,N/A,N/A
Both Here And Gone,Michael Dante DiMartino,$13.99,4.6 out of 5 stars,https://www.amazon.com#
Ablaze (Off the Itinerary),M. Liz Boyle,$11.49,4.8 out of 5 stars,https://www.amazon.com#
N/A,N/A,N/A,N/A,N/A
N/A,Visit the help section,N/A,N/A,https://www.amazon.com/gp/help/customer/display.html?nodeId=468556
N/A,N/A,N/A,N/A,N/A
The Sales Skills Book: A Concise Introduction to the Art of Selling,Gerald Zankl,$14.99,4.9 out of 5 stars,https://www.amazon.com#
"The Art of Developing New Leadership Skills: Unlock Potential, Inspire Others to Rise, Navigate Change, Motivate Teams and Resolve Conflicts with Compassion",Marta Dine,$10.99,5.0 out of 5 stars,https://www.amazon.com#
N/A,N/A,N/A,N/A,N/A
N/A,N/A,N/A,N/A,N/A
"Boom!: Leadership that Breaks Barriers, Challenges Convention, and Ignites Innovation","John ""Dragon"" Teichert",$22.00,5.0 out of 5 stars,https://www.amazon.com#
Do or Die: Transform Your Survival Instinct Into a Winner’s Mindset,Matan Nistor,$9.99,4.9 out of 5 stars,https://www.amazon.com#
N/A,N/A,N/A,N/A,N/A
N/A,Visit the help section,N/A,N/A,https://www.amazon.com/gp/help/customer/display.html?nodeId=468556
N/A,N/A,N/A,N/A,N/A
The Sales Skills Book: A Concise Introduction to the Art of Selling,Gerald Zankl,$14.99,4.9 out of 5 stars,https://www.amazon.com#
Get Scalable: The Operating System Your Business Needs To Run and Scale Without You,Ryan Deiss,$24.93,4.6 out of 5 stars,https://www.amazon.com#
N/A,N/A,N/A,N/A,N/A
Scumbag Rehab,Corey Croft,$15.99,5.0 out of 5 stars,https://www.amazon.com#
Both Here And Gone,Michael Dante DiMartino,$13.99,4.6 out of 5 stars,https://www.amazon.com#
N/A,N/A,N/A,N/A,N/A
N/A,Visit the help section,N/A,N/A,https://www.amazon.com/gp/help/customer/display.html?nodeId=468556
N/A,N/A,N/A,N/A,N/A
The Sales Skills Book: A Concise Introduction to the Art of Selling,Gerald Zankl,$14.99,4.9 out of 5 stars,https://www.amazon.com#
"The Art of Developing New Leadership Skills: Unlock Potential, Inspire Others to Rise, Navigate Change, Motivate Teams and Resolve Conflicts with Compassion",Marta Dine,$10.99,5.0 out of 5 stars,https://www.amazon.com#
N/A,N/A,N/A,N/A,N/A
N/A,N/A,N/A,N/A,N/A
Do or Die: Transform Your Survival Instinct Into a Winner’s Mindset,Matan Nistor,$9.99,4.9 out of 5 stars,https://www.amazon.com#
The Second-Best Business Book Ever Written,Tom Marks,$22.14,5.0 out of 5 stars,https://www.amazon.com#
N/A,N/A,N/A,N/A,N/A
N/A,Visit the help section,N/A,N/A,https://www.amazon.com/gp/help/customer/display.html?nodeId=468556
N/A,N/A,N/A,N/A,N/A
N/A,N/A,N/A,N/A,N/A
"Boom!: Leadership that Breaks Barriers, Challenges Convention, and Ignites Innovation","John ""Dragon"" Teichert",$22.00,5.0 out of 5 stars,https://www.amazon.com#
The Sales Skills Book: A Concise Introduction to the Art of Selling,Gerald Zankl,$14.99,4.9 out of 5 stars,https://www.amazon.com#
N/A,N/A,N/A,N/A,N/A
Do or Die: Transform Your Survival Instinct Into a Winner’s Mindset,Matan Nistor,$9.99,4.9 out of 5 stars,https://www.amazon.com#
The Furies,Corey Croft,$15.99,5.0 out of 5 stars,https://www.amazon.com#
N/A,N/A,N/A,N/A,N/A
N/A,Visit the help section,N/A,N/A,https://www.amazon.com/gp/help/customer/display.html?nodeId=468556
N/A,N/A,N/A,N/A,N/A
N/A,N/A,N/A,N/A,N/A
The Sales Skills Book: A Concise Introduction to the Art of Selling,Gerald Zankl,$14.99,4.9 out of 5 stars,https://www.amazon.com#
Get Scalable: The Operating System Your Business Needs To Run and Scale Without You,Ryan Deiss,$24.93,4.6 out of 5 stars,https://www.amazon.com#
N/A,N/A,N/A,N/A,N/A
N/A,N/A,N/A,N/A,N/A
The Exiled: A Web of Lies Book 1,Jason Leigh Smith,$15.99,4.4 out of 5 stars,https://www.amazon.com#
REMINISCENCES OF A STOCK OPERATOR,Edwin Lefevre,$16.90,N/A,https://www.amazon.com#
N/A,N/A,N/A,N/A,N/A
N/A,Visit the help section,N/A,N/A,https://www.amazon.com/gp/help/customer/display.html?nodeId=468556
N/A,N/A,N/A,N/A,N/A
The Sales Skills Book: A Concise Introduction to the Art of Selling,Gerald Zankl,$14.99,4.9 out of 5 stars,https://www.amazon.com#
Get Scalable: The Operating System Your Business Needs To Run and Scale Without You,Ryan Deiss,$24.93,4.6 out of 5 stars,https://www.amazon.com#
N/A,N/A,N/A,N/A,N/A
N/A,N/A,N/A,N/A,N/A
The Second-Best Business Book Ever Written,Tom Marks,$22.14,5.0 out of 5 stars,https://www.amazon.com#
Make 'Em Beg to Buy From You: 5 Preselling Secrets to Take Even Complete Strangers From Cold to Sold Before You Ever Make an Offer,Travis Sago,$9.99,4.7 out of 5 stars,https://www.amazon.com#
N/A,N/A,N/A,N/A,N/A
N/A,Visit the help section,N/A,N/A,https://www.amazon.com/gp/help/customer/display.html?nodeId=468556
N/A,N/A,N/A,N/A,N/A
The Sales Skills Book: A Concise Introduction to the Art of Selling,Gerald Zankl,$14.99,4.9 out of 5 stars,https://www.amazon.com#
"The Art of Developing New Leadership Skills: Unlock Potential, Inspire Others to Rise, Navigate Change, Motivate Teams and Resolve Conflicts with Compassion",Marta Dine,$10.99,5.0 out of 5 stars,https://www.amazon.com#
N/A,N/A,N/A,N/A,N/A
N/A,N/A,N/A,N/A,N/A
The Second-Best Business Book Ever Written,Tom Marks,$22.14,5.0 out of 5 stars,https://www.amazon.com#
Do or Die: Transform Your Survival Instinct Into a Winner’s Mindset,Matan Nistor,$9.99,4.9 out of 5 stars,https://www.amazon.com#
N/A,N/A,N/A,N/A,N/A
N/A,Visit the help section,N/A,N/A,https://www.amazon.com/gp/help/customer/display.html?nodeId=468556
N/A,N/A,N/A,N/A,N/A
The Sales Skills Book: A Concise Introduction to the Art of Selling,Gerald Zankl,$14.99,4.9 out of 5 stars,https://www.amazon.com#
Mailed It!: A Guide to Crafting Emails That Build Relationships and Get Results,Ashley Budd,$21.95,5.0 out of 5 stars,https://www.amazon.com#
N/A,N/A,N/A,N/A,N/A
N/A,N/A,N/A,N/A,N/A
A Game Most Foul (Blink),Alison Gervais,$14.20,3.7 out of 5 stars,https://www.amazon.com#
The Crimes of Rooker Flynn: Locke Institute Trilogy Book 1,A. R. Witham,$16.99,4.8 out of 5 stars,https://www.amazon.com#
N/A,N/A,N/A,N/A,N/A
N/A,Visit the help section,N/A,N/A,https://www.amazon.com/gp/help/customer/display.html?nodeId=468556
N/A,N/A,N/A,N/A,N/A
N/A,N/A,N/A,N/A,N/A
The Sales Skills Book: A Concise Introduction to the Art of Selling,Gerald Zankl,$14.99,4.9 out of 5 stars,https://www.amazon.com#
Make 'Em Beg to Buy From You: 5 Preselling Secrets to Take Even Complete Strangers From Cold to Sold Before You Ever Make an Offer,Travis Sago,$9.99,4.7 out of 5 stars,https://www.amazon.com#
N/A,N/A,N/A,N/A,N/A
N/A,N/A,N/A,N/A,N/A
A Lie for a Lie,Jane Buckingham,$7.99,4.5 out of 5 stars,https://www.amazon.com#
100 Case Studies on Strategy & Transformation,Kindle Edition,$0.00,5.0 out of 5 stars,https://www.amazon.com#
N/A,N/A,N/A,N/A,N/A
N/A,Visit the help section,N/A,N/A,https://www.amazon.com/gp/help/customer/display.html?nodeId=468556
N/A,N/A,N/A,N/A,N/A
The Sales Skills Book: A Concise Introduction to the Art of Selling,Gerald Zankl,$14.99,4.9 out of 5 stars,https://www.amazon.com#
"Beneath Glass Skies: A Noir Thriller, Beijing seen through the eyes of 17 year old Tobey, as he unwillingly finds himself trying to take down a criminal operation.",Christian Moholdt,$17.00,4.4 out of 5 stars,https://www.amazon.com#
N/A,N/A,N/A,N/A,N/A
N/A,N/A,N/A,N/A,N/A
Make 'Em Beg to Buy From You: 5 Preselling Secrets to Take Even Complete Strangers From Cold to Sold Before You Ever Make an Offer,Travis Sago,$19.99,4.7 out of 5 stars,https://www.amazon.com#
Catch as Catch Can: Building a Legacy by Finding Opportunity in Every Obstacle,George Tinsley Sr.,$17.99,4.7 out of 5 stars,https://www.amazon.com#
N/A,N/A,N/A,N/A,N/A
N/A,Visit the help section,N/A,N/A,https://www.amazon.com/gp/help/customer/display.html?nodeId=468556
N/A,N/A,N/A,N/A,N/A
The Sales Skills Book: A Concise Introduction to the Art of Selling,Gerald Zankl,$14.99,4.9 out of 5 stars,https://www.amazon.com#
Finding Friends - Chunky Lift the Flap Board Book,Little Hippo Books,$8.99,5.0 out of 5 stars,https://www.amazon.com#
N/A,N/A,N/A,N/A,N/A
Ablaze (Off the Itinerary),M. Liz Boyle,$11.49,4.8 out of 5 stars,https://www.amazon.com#
Repeat After Me (Deluxe Limited Edition),Hardcover,$18.74,4.2 out of 5 stars,https://www.amazon.com#
Give to Grow: Invest in Relationships to Build Your Business and Your Career,Hardcover,$22.89,5.0 out of 5 stars,https://www.amazon.comhttps://aax-us-iad.amazon.com/x/c/JPz1mmjKg3QdHSq2AgaivgsAAAGRviuGVQEAAAH2AQBvbm9fdHhuX2JpZDcgICBvbm9fdHhuX2ltcDEgICC0P3xS/https://www.amazon.com/Give-Grow-Invest-Relationships-Business/dp/1959472100/ref=sxbs_sbv_search_btf?content-id=amzn1.sym.805ca70d-e057-4820-b9b3-729eee71f8a9%3Aamzn1.sym.805ca70d-e057-4820-b9b3-729eee71f8a9&cv_ct_cx=boiks&dib=eyJ2IjoiMSJ9.3AG6L5w9U5M-p_FskzKfpg.4tvHY9FVG0yOZTE4ywTyfs5Ikbj8IJh1WT40nAHdQTo&dib_tag=se&keywords=boiks&pd_rd_i=1959472100&pd_rd_r=52acc264-94b0-4fde-ba27-cb068b3c2b4e&pd_rd_w=RbwXQ&pd_rd_wg=fMM8D&pf_rd_p=805ca70d-e057-4820-b9b3-729eee71f8a9&pf_rd_r=CDC6EJWRD84P33Q88XK3&qid=1725472408&sbo=RZvfv%2F%2FHxDF%2BO5021pAnSA%3D%3D&sr=1-241-48f7baba-8e26-45f3-8811-e1a601ad20bf
N/A,N/A,N/A,N/A,N/A
N/A,Visit the help section,N/A,N/A,https://www.amazon.com/gp/help/customer/display.html?nodeId=468556
N/A,N/A,N/A,N/A,N/A
The Sales Skills Book: A Concise Introduction to the Art of Selling,Gerald Zankl,$14.99,4.9 out of 5 stars,https://www.amazon.com#
Do or Die: Transform Your Survival Instinct Into a Winner’s Mindset,Matan Nistor,$9.99,4.9 out of 5 stars,https://www.amazon.com#
N/A,N/A,N/A,N/A,N/A
N/A,N/A,N/A,N/A,N/A
The Second-Best Business Book Ever Written,Tom Marks,$22.14,5.0 out of 5 stars,https://www.amazon.com#
Make 'Em Beg to Buy From You: 5 Preselling Secrets to Take Even Complete Strangers From Cold to Sold Before You Ever Make an Offer,Travis Sago,$19.99,4.7 out of 5 stars,https://www.amazon.com#
N/A,N/A,N/A,N/A,N/A
N/A,Visit the help section,N/A,N/A,https://www.amazon.com/gp/help/customer/display.html?nodeId=468556
N/A,N/A,N/A,N/A,N/A
The Sales Skills Book: A Concise Introduction to the Art of Selling,Gerald Zankl,$14.99,4.9 out of 5 stars,https://www.amazon.com#
Make 'Em Beg to Buy From You: 5 Preselling Secrets to Take Even Complete Strangers From Cold to Sold Before You Ever Make an Offer,Travis Sago,$19.99,4.7 out of 5 stars,https://www.amazon.com#
N/A,N/A,N/A,N/A,N/A
N/A,N/A,N/A,N/A,N/A
The Second-Best Business Book Ever Written,Tom Marks,$22.14,5.0 out of 5 stars,https://www.amazon.com#
Ablaze (Off the Itinerary),M. Liz Boyle,$11.49,4.8 out of 5 stars,https://www.amazon.com#
Give to Grow: Invest in Relationships to Build Your Business and Your Career,Hardcover,$22.89,5.0 out of 5 stars,https://www.amazon.comhttps://aax-us-iad.amazon.com/x/c/JDTHvo8YORUwUxK6l4T5b5QAAAGRviuShgEAAAH2AQBvbm9fdHhuX2JpZDMgICBvbm9fdHhuX2ltcDEgICCpVvqF/https://www.amazon.com/Give-Grow-Invest-Relationships-Business/dp/1959472100/ref=sxbs_sbv_search_btf?content-id=amzn1.sym.805ca70d-e057-4820-b9b3-729eee71f8a9%3Aamzn1.sym.805ca70d-e057-4820-b9b3-729eee71f8a9&cv_ct_cx=boiks&dib=eyJ2IjoiMSJ9.3AG6L5w9U5M-p_FskzKfpg.lpmMKlVphY4baXIp6ELf-zjobYiIjscAIg02cz3lSsc&dib_tag=se&keywords=boiks&pd_rd_i=1959472100&pd_rd_r=62b8016a-e050-447c-95cd-3527643150b4&pd_rd_w=upQDI&pd_rd_wg=4x0pv&pf_rd_p=805ca70d-e057-4820-b9b3-729eee71f8a9&pf_rd_r=J399N6ZHTA7ZTTT5KPRK&qid=1725472412&sbo=RZvfv%2F%2FHxDF%2BO5021pAnSA%3D%3D&sr=1-273-48f7baba-8e26-45f3-8811-e1a601ad20bf
N/A,N/A,N/A,N/A,N/A
N/A,Visit the help section,N/A,N/A,https://www.amazon.com/gp/help/customer/display.html?nodeId=468556
N/A,N/A,N/A,N/A,N/A
The Sales Skills Book: A Concise Introduction to the Art of Selling,Gerald Zankl,$14.99,4.9 out of 5 stars,https://www.amazon.com#
"Work Less, Make More: The counter-intuitive approach to building a profitable business, and a life you actually love",James Schramko,$19.99,4.6 out of 5 stars,https://www.amazon.com#
N/A,N/A,N/A,N/A,N/A
N/A,N/A,N/A,N/A,N/A
A Game Most Foul,Alison Gervais,$10.99,3.7 out of 5 stars,https://www.amazon.com#
Ablaze (Off the Itinerary),M. Liz Boyle,$11.49,4.8 out of 5 stars,https://www.amazon.com#
N/A,N/A,N/A,N/A,N/A
N/A,Visit the help section,N/A,N/A,https://www.amazon.com/gp/help/customer/display.html?nodeId=468556
N/A,N/A,N/A,N/A,N/A
The Sales Skills Book: A Concise Introduction to the Art of Selling,Gerald Zankl,$14.99,4.9 out of 5 stars,https://www.amazon.com#
Simple Investing to Millions: Everything I Wish I Knew Sooner,Brian A Kilheffer,$15.99,5.0 out of 5 stars,https://www.amazon.com#
N/A,N/A,N/A,N/A,N/A
Ablaze (Off the Itinerary),M. Liz Boyle,$11.49,4.8 out of 5 stars,https://www.amazon.com#
Chased (Off the Itinerary),M. Liz Boyle,$11.49,4.7 out of 5 stars,https://www.amazon.com#
N/A,N/A,N/A,N/A,N/A
N/A,Visit the help section,N/A,N/A,https://www.amazon.com/gp/help/customer/display.html?nodeId=468556
N/A,N/A,N/A,N/A,N/A
The Sales Skills Book: A Concise Introduction to the Art of Selling,Gerald Zankl,$14.99,4.9 out of 5 stars,https://www.amazon.com#
Mailed It!: A Guide to Crafting Emails That Build Relationships and Get Results,Ashley Budd,$21.95,5.0 out of 5 stars,https://www.amazon.com#
N/A,N/A,N/A,N/A,N/A
Ablaze (Off the Itinerary),M. Liz Boyle,$11.49,4.8 out of 5 stars,https://www.amazon.com#
Do or Die: Transform Your Survival Instinct Into a Winner’s Mindset,Matan Nistor,$9.99,4.9 out of 5 stars,https://www.amazon.com#
N/A,N/A,N/A,N/A,N/A
N/A,Visit the help section,N/A,N/A,https://www.amazon.com/gp/help/customer/display.html?nodeId=468556
N/A,N/A,N/A,N/A,N/A
The Sales Skills Book: A Concise Introduction to the Art of Selling,Gerald Zankl,$14.99,4.9 out of 5 stars,https://www.amazon.com#
"Boom!: Leadership that Breaks Barriers, Challenges Convention, and Ignites Innovation","John ""Dragon"" Teichert",$22.00,5.0 out of 5 stars,https://www.amazon.com#
N/A,N/A,N/A,N/A,N/A
A Game Most Foul,Alison Gervais,$10.99,3.7 out of 5 stars,https://www.amazon.com#
Ablaze (Off the Itinerary),M. Liz Boyle,$11.49,4.8 out of 5 stars,https://www.amazon.com#
Give to Grow: Invest in Relationships to Build Your Business and Your Career,Hardcover,$22.89,5.0 out of 5 stars,https://www.amazon.comhttps://aax-us-iad.amazon.com/x/c/JFpMiZE0TpmbCkV0ldHWGqwAAAGRviupEgEAAAH2AQBvbm9fdHhuX2JpZDUgICBvbm9fdHhuX2ltcDEgICBi2KCB/https://www.amazon.com/Give-Grow-Invest-Relationships-Business/dp/1959472100/ref=sxbs_sbv_search_btf?content-id=amzn1.sym.805ca70d-e057-4820-b9b3-729eee71f8a9%3Aamzn1.sym.805ca70d-e057-4820-b9b3-729eee71f8a9&cv_ct_cx=boiks&dib=eyJ2IjoiMSJ9.3AG6L5w9U5M-p_FskzKfpg.ljTcpv6-1vLwFQ8FducXYvcNKaJLiRQWp92kYtA3DB8&dib_tag=se&keywords=boiks&pd_rd_i=1959472100&pd_rd_r=480d4aa5-4307-4278-b3be-a29c9bdc169c&pd_rd_w=cgv9u&pd_rd_wg=ULQjS&pf_rd_p=805ca70d-e057-4820-b9b3-729eee71f8a9&pf_rd_r=SWXQRAE2VZ2FZXTYNX7Y&qid=1725472417&sbo=RZvfv%2F%2FHxDF%2BO5021pAnSA%3D%3D&sr=1-337-48f7baba-8e26-45f3-8811-e1a601ad20bf
N/A,N/A,N/A,N/A,N/A
N/A,Visit the help section,N/A,N/A,https://www.amazon.com/gp/help/customer/display.html?nodeId=468556
N/A,N/A,N/A,N/A,N/A
The Sales Skills Book: A Concise Introduction to the Art of Selling,Gerald Zankl,$14.99,4.9 out of 5 stars,https://www.amazon.com#
The Deep Enders: A Novel (For Young Adults),Dave Reardon,$12.99,4.8 out of 5 stars,https://www.amazon.com#
N/A,N/A,N/A,N/A,N/A
Anela's Club,D. K. Yamashiro,$17.95,5.0 out of 5 stars,https://www.amazon.com#
Ablaze (Off the Itinerary),M. Liz Boyle,$11.49,4.8 out of 5 stars,https://www.amazon.com#
N/A,N/A,N/A,N/A,N/A
N/A,Visit the help section,N/A,N/A,https://www.amazon.com/gp/help/customer/display.html?nodeId=468556
N/A,N/A,N/A,N/A,N/A
Finding Friends - Chunky Lift the Flap Board Book,Little Hippo Books,$8.99,5.0 out of 5 stars,https://www.amazon.com#
The Sales Skills Book: A Concise Introduction to the Art of Selling,Gerald Zankl,$14.99,4.9 out of 5 stars,https://www.amazon.com#
N/A,N/A,N/A,N/A,N/A
"Life Skills for Kids: Mastering Cooking, Cleaning, Friendship, Emergency Skills, Goal Setting, Decision Making, and More: A Journey Through Essential ... Confidence, Adaptability, and Awareness",Jack Blick,$11.89,5.0 out of 5 stars,https://www.amazon.com#
The Perfect Liar: A gripping psychological thriller with a shocking twist,Debra Lynch,$13.99,4.3 out of 5 stars,https://www.amazon.com#
N/A,N/A,N/A,N/A,N/A
N/A,Visit the help section,N/A,N/A,https://www.amazon.com/gp/help/customer/display.html?nodeId=468556
N/A,N/A,N/A,N/A,N/A
The Sales Skills Book: A Concise Introduction to the Art of Selling,Gerald Zankl,$14.99,4.9 out of 5 stars,https://www.amazon.com#
"Boom!: Leadership that Breaks Barriers, Challenges Convention, and Ignites Innovation","John ""Dragon"" Teichert",$22.00,5.0 out of 5 stars,https://www.amazon.com#
N/A,N/A,N/A,N/A,N/A
N/A,N/A,N/A,N/A,N/A
A Game Most Foul,Alison Gervais,$10.99,3.7 out of 5 stars,https://www.amazon.com#
Chased (Off the Itinerary),M. Liz Boyle,$11.49,4.7 out of 5 stars,https://www.amazon.com#
Burn the Boats: Toss Plan B Overboard and Unleash Your Full Potential,Hardcover,$14.99,4.7 out of 5 stars,https://www.amazon.comhttps://aax-us-iad.amazon.com/x/c/JAsWrXImPZeDHREmeRp4es4AAAGRviu6-gEAAAH2AQBvbm9fdHhuX2JpZDMgICBvbm9fdHhuX2ltcDEgICAcjcf8/https://www.amazon.com/Burn-Boats-Overboard-Unleash-Potential/dp/006308886X/ref=sxbs_sbv_search_btf?content-id=amzn1.sym.805ca70d-e057-4820-b9b3-729eee71f8a9%3Aamzn1.sym.805ca70d-e057-4820-b9b3-729eee71f8a9&cv_ct_cx=boiks&dib=eyJ2IjoiMSJ9.JL_doaNZ3BzsjSYaXXG6rg.vbquYlF2QzTpBsY1nM_YvOG50A9xlleSnKp2xO1eV68&dib_tag=se&keywords=boiks&pd_rd_i=006308886X&pd_rd_r=2bde5f76-23f2-4353-bb31-8e258ba9a56b&pd_rd_w=6EW9m&pd_rd_wg=m98NN&pf_rd_p=805ca70d-e057-4820-b9b3-729eee71f8a9&pf_rd_r=ZFV535RFAKTK6F8WA5VE&qid=1725472422&sbo=RZvfv%2F%2FHxDF%2BO5021pAnSA%3D%3D&sr=1-385-48f7baba-8e26-45f3-8811-e1a601ad20bf
N/A,N/A,N/A,N/A,N/A
N/A,Visit the help section,N/A,N/A,https://www.amazon.com/gp/help/customer/display.html?nodeId=468556
N/A,N/A,N/A,N/A,N/A
The Sales Skills Book: A Concise Introduction to the Art of Selling,Gerald Zankl,$14.99,4.9 out of 5 stars,https://www.amazon.com#
"Boom!: Leadership that Breaks Barriers, Challenges Convention, and Ignites Innovation","John ""Dragon"" Teichert",$22.00,5.0 out of 5 stars,https://www.amazon.com#
N/A,N/A,N/A,N/A,N/A
Ablaze (Off the Itinerary),M. Liz Boyle,$11.49,4.8 out of 5 stars,https://www.amazon.com#
Finding Grace,JG Rivers,$0.00,N/A,https://www.amazon.com#
N/A,N/A,N/A,N/A,N/A
N/A,Visit the help section,N/A,N/A,https://www.amazon.com/gp/help/customer/display.html?nodeId=468556
N/A,N/A,N/A,N/A,N/A
The Sales Skills Book: A Concise Introduction to the Art of Selling,Gerald Zankl,$14.99,4.9 out of 5 stars,https://www.amazon.com#
Make 'Em Beg to Buy From You: 5 Preselling Secrets to Take Even Complete Strangers From Cold to Sold Before You Ever Make an Offer,Travis Sago,$19.99,4.7 out of 5 stars,https://www.amazon.com#
N/A,N/A,N/A,N/A,N/A
N/A,N/A,N/A,N/A,N/A
N/A,N/A,N/A,N/A,N/A
Ablaze (Off the Itinerary),M. Liz Boyle,$11.49,4.8 out of 5 stars,https://www.amazon.com#
The Crimes of Rooker Flynn: Locke Institute Trilogy Book 1,A. R. Witham,$0.00,4.8 out of 5 stars,https://www.amazon.com#
N/A,N/A,N/A,N/A,N/A
N/A,Visit the help section,N/A,N/A,https://www.amazon.com/gp/help/customer/display.html?nodeId=468556
N/A,N/A,N/A,N/A,N/A
The Sales Skills Book: A Concise Introduction to the Art of Selling,Gerald Zankl,$14.99,4.9 out of 5 stars,https://www.amazon.com#
"Work Less, Make More: The counter-intuitive approach to building a profitable business, and a life you actually love",James Schramko,$19.99,4.6 out of 5 stars,https://www.amazon.com#
N/A,N/A,N/A,N/A,N/A
The Exiled: A Web of Lies Book 1,Jason Leigh Smith,$15.99,4.4 out of 5 stars,https://www.amazon.com#
REMINISCENCES OF A STOCK OPERATOR,Edwin Lefevre,$16.90,N/A,https://www.amazon.com#
N/A,N/A,N/A,N/A,N/A
N/A,Visit the help section,N/A,N/A,https://www.amazon.com/gp/help/customer/display.html?nodeId=468556
N/A,N/A,N/A,N/A,N/A
The Sales Skills Book: A Concise Introduction to the Art of Selling,Gerald Zankl,$14.99,4.9 out of 5 stars,https://www.amazon.com#
"Boom!: Leadership that Breaks Barriers, Challenges Convention, and Ignites Innovation","John ""Dragon"" Teichert",$22.00,5.0 out of 5 stars,https://www.amazon.com#
N/A,N/A,N/A,N/A,N/A
N/A,N/A,N/A,N/A,N/A
Ablaze (Off the Itinerary),M. Liz Boyle,$11.49,4.8 out of 5 stars,https://www.amazon.com#
Chased (Off the Itinerary),M. Liz Boyle,$11.49,4.7 out of 5 stars,https://www.amazon.com#
N/A,N/A,N/A,N/A,N/A
N/A,Visit the help section,N/A,N/A,https://www.amazon.com/gp/help/customer/display.html?nodeId=468556
N/A,N/A,N/A,N/A,N/A
The Sales Skills Book: A Concise Introduction to the Art of Selling,Gerald Zankl,$14.99,4.9 out of 5 stars,https://www.amazon.com#
"Boom!: Leadership that Breaks Barriers, Challenges Convention, and Ignites Innovation","John ""Dragon"" Teichert",$22.00,5.0 out of 5 stars,https://www.amazon.com#
N/A,N/A,N/A,N/A,N/A
N/A,N/A,N/A,N/A,N/A
Ablaze (Off the Itinerary),M. Liz Boyle,$11.49,4.8 out of 5 stars,https://www.amazon.com#
The Crimes of Rooker Flynn: Locke Institute Trilogy Book 1,A. R. Witham,$0.00,4.8 out of 5 stars,https://www.amazon.com#
N/A,N/A,N/A,N/A,N/A
N/A,Visit the help section,N/A,N/A,https://www.amazon.com/gp/help/customer/display.html?nodeId=468556
N/A,N/A,N/A,N/A,N/A
Make 'Em Beg to Buy From You: 5 Preselling Secrets to Take Even Complete Strangers From Cold to Sold Before You Ever Make an Offer,Travis Sago,$19.99,4.7 out of 5 stars,https://www.amazon.com#
The Sales Skills Book: A Concise Introduction to the Art of Selling,Gerald Zankl,$14.99,4.9 out of 5 stars,https://www.amazon.com#
N/A,N/A,N/A,N/A,N/A
Ablaze (Off the Itinerary),M. Liz Boyle,$11.49,4.8 out of 5 stars,https://www.amazon.com#
Chased (Off the Itinerary),M. Liz Boyle,$11.49,4.7 out of 5 stars,https://www.amazon.com#
Give to Grow: Invest in Relationships to Build Your Business and Your Career,Hardcover,$22.89,5.0 out of 5 stars,https://www.amazon.comhttps://aax-us-iad.amazon.com/x/c/JDLa2lT9grUoh6-AVWHn-SUAAAGRviverAEAAAH2AQBvbm9fdHhuX2JpZDQgICBvbm9fdHhuX2ltcDEgICBhf0y-/https://www.amazon.com/Give-Grow-Invest-Relationships-Business/dp/1959472100/ref=sxbs_sbv_search_btf?content-id=amzn1.sym.805ca70d-e057-4820-b9b3-729eee71f8a9%3Aamzn1.sym.805ca70d-e057-4820-b9b3-729eee71f8a9&cv_ct_cx=boiks&dib=eyJ2IjoiMSJ9.3AG6L5w9U5M-p_FskzKfpg.9UNOZ9oyomlxp67Uti1zA4d4-xQ7hWulj67cg_-lXQg&dib_tag=se&keywords=boiks&pd_rd_i=1959472100&pd_rd_r=81eeb71d-b9bb-4acd-86ca-ddfa548862ed&pd_rd_w=w92Jp&pd_rd_wg=enNXV&pf_rd_p=805ca70d-e057-4820-b9b3-729eee71f8a9&pf_rd_r=3FS57X89CTA7KB7BMACK&qid=1725472431&sbo=RZvfv%2F%2FHxDF%2BO5021pAnSA%3D%3D&sr=1-481-48f7baba-8e26-45f3-8811-e1a601ad20bf
N/A,N/A,N/A,N/A,N/A
N/A,Visit the help section,N/A,N/A,https://www.amazon.com/gp/help/customer/display.html?nodeId=468556
N/A,N/A,N/A,N/A,N/A
N/A,N/A,N/A,N/A,N/A
The Sales Skills Book: A Concise Introduction to the Art of Selling,Gerald Zankl,$14.99,4.9 out of 5 stars,https://www.amazon.com#
Do or Die: Transform Your Survival Instinct Into a Winner’s Mindset,Matan Nistor,$9.99,4.9 out of 5 stars,https://www.amazon.com#
N/A,N/A,N/A,N/A,N/A
Ablaze (Off the Itinerary),M. Liz Boyle,$11.49,4.8 out of 5 stars,https://www.amazon.com#
Chased (Off the Itinerary),M. Liz Boyle,$11.49,4.7 out of 5 stars,https://www.amazon.com#
N/A,N/A,N/A,N/A,N/A
N/A,Visit the help section,N/A,N/A,https://www.amazon.com/gp/help/customer/display.html?nodeId=468556
N/A,N/A,N/A,N/A,N/A
The Sales Skills Book: A Concise Introduction to the Art of Selling,Gerald Zankl,$14.99,4.9 out of 5 stars,https://www.amazon.com#
Do or Die: Transform Your Survival Instinct Into a Winner’s Mindset,Matan Nistor,$9.99,4.9 out of 5 stars,https://www.amazon.com#
N/A,N/A,N/A,N/A,N/A
Ablaze (Off the Itinerary),M. Liz Boyle,$11.49,4.8 out of 5 stars,https://www.amazon.com#
Chased (Off the Itinerary),M. Liz Boyle,$11.49,4.7 out of 5 stars,https://www.amazon.com#
N/A,N/A,N/A,N/A,N/A
N/A,Visit the help section,N/A,N/A,https://www.amazon.com/gp/help/customer/display.html?nodeId=468556
N/A,N/A,N/A,N/A,N/A
N/A,N/A,N/A,N/A,N/A
The Sales Skills Book: A Concise Introduction to the Art of Selling,Gerald Zankl,$14.99,4.9 out of 5 stars,https://www.amazon.com#
"Boom!: Leadership that Breaks Barriers, Challenges Convention, and Ignites Innovation","John ""Dragon"" Teichert",$22.00,5.0 out of 5 stars,https://www.amazon.com#
N/A,N/A,N/A,N/A,N/A
N/A,N/A,N/A,N/A,N/A
A Game Most Foul,Alison Gervais,$10.99,3.7 out of 5 stars,https://www.amazon.com#
Ablaze (Off the Itinerary),M. Liz Boyle,$11.49,4.8 out of 5 stars,https://www.amazon.com#
Give to Grow: Invest in Relationships to Build Your Business and Your Career,Hardcover,$22.89,5.0 out of 5 stars,https://www.amazon.comhttps://aax-us-iad.amazon.com/x/c/JOxJDm96Sb8ow8lkDgJ5SOwAAAGRviv3EAEAAAH2AQBvbm9fdHhuX2JpZDIgICBvbm9fdHhuX2ltcDEgICBAHZsr/https://www.amazon.com/Give-Grow-Invest-Relationships-Business/dp/1959472100/ref=sxbs_sbv_search_btf?content-id=amzn1.sym.805ca70d-e057-4820-b9b3-729eee71f8a9%3Aamzn1.sym.805ca70d-e057-4820-b9b3-729eee71f8a9&cv_ct_cx=boiks&dib=eyJ2IjoiMSJ9.3AG6L5w9U5M-p_FskzKfpg.Y-MR3HnBMpAapvI9ZZc-8VDDdFW2NRsvSlRxXT3mgnc&dib_tag=se&keywords=boiks&pd_rd_i=1959472100&pd_rd_r=42c92021-8c44-4456-9bc4-3501f4587400&pd_rd_w=cV0Cf&pd_rd_wg=WOYxl&pf_rd_p=805ca70d-e057-4820-b9b3-729eee71f8a9&pf_rd_r=MVVDS3EFDA4JE3MCB6K8&qid=1725472437&sbo=RZvfv%2F%2FHxDF%2BO5021pAnSA%3D%3D&sr=1-529-48f7baba-8e26-45f3-8811-e1a601ad20bf
N/A,N/A,N/A,N/A,N/A
N/A,Visit the help section,N/A,N/A,https://www.amazon.com/gp/help/customer/display.html?nodeId=468556
N/A,N/A,N/A,N/A,N/A
The Sales Skills Book: A Concise Introduction to the Art of Selling,Gerald Zankl,$14.99,4.9 out of 5 stars,https://www.amazon.com#
"Boom!: Leadership that Breaks Barriers, Challenges Convention, and Ignites Innovation","John ""Dragon"" Teichert",$22.00,5.0 out of 5 stars,https://www.amazon.com#
N/A,N/A,N/A,N/A,N/A
N/A,N/A,N/A,N/A,N/A
A Lie for a Lie,Jane Buckingham,$7.99,4.5 out of 5 stars,https://www.amazon.com#
The Crimes of Rooker Flynn: Locke Institute Trilogy Book 1,A. R. Witham,$0.00,4.8 out of 5 stars,https://www.amazon.com#
N/A,N/A,N/A,N/A,N/A
N/A,Visit the help section,N/A,N/A,https://www.amazon.com/gp/help/customer/display.html?nodeId=468556
N/A,N/A,N/A,N/A,N/A
The Sales Skills Book: A Concise Introduction to the Art of Selling,Gerald Zankl,$14.99,4.9 out of 5 stars,https://www.amazon.com#
The Perfect Liar: A gripping psychological thriller with a shocking twist,Debra Lynch,$13.99,4.3 out of 5 stars,https://www.amazon.com#
N/A,N/A,N/A,N/A,N/A
N/A,N/A,N/A,N/A,N/A
A Lie for a Lie,Jane Buckingham,$7.99,4.5 out of 5 stars,https://www.amazon.com#
100 Case Studies on Strategy & Transformation,Kindle Edition,$0.00,5.0 out of 5 stars,https://www.amazon.com#
N/A,N/A,N/A,N/A,N/A
N/A,Visit the help section,N/A,N/A,https://www.amazon.com/gp/help/customer/display.html?nodeId=468556
N/A,N/A,N/A,N/A,N/A
The Sales Skills Book: A Concise Introduction to the Art of Selling,Gerald Zankl,$14.99,4.9 out of 5 stars,https://www.amazon.com#
"Boom!: Leadership that Breaks Barriers, Challenges Convention, and Ignites Innovation","John ""Dragon"" Teichert",$22.00,5.0 out of 5 stars,https://www.amazon.com#
N/A,N/A,N/A,N/A,N/A
Make 'Em Beg to Buy From You: 5 Preselling Secrets to Take Even Complete Strangers From Cold to Sold Before You Ever Make an Offer,Travis Sago,$9.99,4.7 out of 5 stars,https://www.amazon.com#
A Game Most Foul,Alison Gervais,$10.99,3.7 out of 5 stars,https://www.amazon.com#
N/A,N/A,N/A,N/A,N/A
N/A,Visit the help section,N/A,N/A,https://www.amazon.com/gp/help/customer/display.html?nodeId=468556
N/A,N/A,N/A,N/A,N/A
The Sales Skills Book: A Concise Introduction to the Art of Selling,Gerald Zankl,$14.99,4.9 out of 5 stars,https://www.amazon.com#
"Boom!: Leadership that Breaks Barriers, Challenges Convention, and Ignites Innovation","John ""Dragon"" Teichert",$22.00,5.0 out of 5 stars,https://www.amazon.com#
N/A,N/A,N/A,N/A,N/A
The Crimes of Rooker Flynn: Locke Institute Trilogy Book 1,A. R. Witham,$0.00,4.8 out of 5 stars,https://www.amazon.com#
A Game Most Foul,Alison Gervais,$10.99,3.7 out of 5 stars,https://www.amazon.com#
Don't Should on Your Kids: Build Their Mental Toughness,Paperback,$9.22,4.5 out of 5 stars,https://www.amazon.comhttps://aax-us-iad.amazon.com/x/c/JKJM6YSlLr4HmgzsS9FUzZYAAAGRviwMwAEAAAH2AQBvbm9fdHhuX2JpZDIgICBvbm9fdHhuX2ltcDEgICBV9Zbu/https://www.amazon.com/Dont-Should-Your-Kids-Toughness/dp/0989918424/ref=sxbs_sbv_search_btf?content-id=amzn1.sym.805ca70d-e057-4820-b9b3-729eee71f8a9%3Aamzn1.sym.805ca70d-e057-4820-b9b3-729eee71f8a9&cv_ct_cx=boiks&dib=eyJ2IjoiMSJ9.QxHtKxb4EThvpl_e91264A.LVHJWgXw-UC3YdwQg7i7N3i0RrMb_MOgFFHXDTD30fQ&dib_tag=se&keywords=boiks&pd_rd_i=0989918424&pd_rd_r=ae11d36a-1cfb-4a73-9623-c59063e8cecf&pd_rd_w=06ANp&pd_rd_wg=anbH3&pf_rd_p=805ca70d-e057-4820-b9b3-729eee71f8a9&pf_rd_r=DRJ4590FD06E8ABQFGZ9&qid=1725472443&sbo=RZvfv%2F%2FHxDF%2BO5021pAnSA%3D%3D&sr=1-593-48f7baba-8e26-45f3-8811-e1a601ad20bf
N/A,N/A,N/A,N/A,N/A
N/A,Visit the help section,N/A,N/A,https://www.amazon.com/gp/help/customer/display.html?nodeId=468556
N/A,N/A,N/A,N/A,N/A
The Sales Skills Book: A Concise Introduction to the Art of Selling,Gerald Zankl,$14.99,4.9 out of 5 stars,https://www.amazon.com#
"Boom!: Leadership that Breaks Barriers, Challenges Convention, and Ignites Innovation","John ""Dragon"" Teichert",$22.00,5.0 out of 5 stars,https://www.amazon.com#
N/A,N/A,N/A,N/A,N/A
A Game Most Foul,Alison Gervais,$10.99,3.7 out of 5 stars,https://www.amazon.com#
Chased (Off the Itinerary),M. Liz Boyle,$11.49,4.7 out of 5 stars,https://www.amazon.com#
Give to Grow: Invest in Relationships to Build Your Business and Your Career,Hardcover,$22.89,5.0 out of 5 stars,https://www.amazon.comhttps://aax-us-iad.amazon.com/x/c/JOwu0a1XvyleWigFsuTyOh0AAAGRviwRzAEAAAH2AQBvbm9fdHhuX2JpZDMgICBvbm9fdHhuX2ltcDEgICBtrcef/https://www.amazon.com/Give-Grow-Invest-Relationships-Business/dp/1959472100/ref=sxbs_sbv_search_btf?content-id=amzn1.sym.805ca70d-e057-4820-b9b3-729eee71f8a9%3Aamzn1.sym.805ca70d-e057-4820-b9b3-729eee71f8a9&cv_ct_cx=boiks&dib=eyJ2IjoiMSJ9.3AG6L5w9U5M-p_FskzKfpg.3mcZrw39tNKs_Ank0sWDAjScK08L7P9A0BsvT8gcEiQ&dib_tag=se&keywords=boiks&pd_rd_i=1959472100&pd_rd_r=2a29a05a-6b13-4c9f-9d2c-a45926299bd8&pd_rd_w=F5hcM&pd_rd_wg=CUpp0&pf_rd_p=805ca70d-e057-4820-b9b3-729eee71f8a9&pf_rd_r=F0FKY0ZW4P5TPNMQ54RV&qid=1725472444&sbo=RZvfv%2F%2FHxDF%2BO5021pAnSA%3D%3D&sr=1-609-48f7baba-8e26-45f3-8811-e1a601ad20bf
N/A,N/A,N/A,N/A,N/A
N/A,Visit the help section,N/A,N/A,https://www.amazon.com/gp/help/customer/display.html?nodeId=468556
N/A,N/A,N/A,N/A,N/A
The Sales Skills Book: A Concise Introduction to the Art of Selling,Gerald Zankl,$14.99,4.9 out of 5 stars,https://www.amazon.com#
"Boom!: Leadership that Breaks Barriers, Challenges Convention, and Ignites Innovation","John ""Dragon"" Teichert",$22.00,5.0 out of 5 stars,https://www.amazon.com#
N/A,N/A,N/A,N/A,N/A
N/A,N/A,N/A,N/A,N/A
Finding Grace,JG Rivers,$0.00,N/A,https://www.amazon.com#
REMINISCENCES OF A STOCK OPERATOR,Edwin Lefevre,$16.90,N/A,https://www.amazon.com#
N/A,N/A,N/A,N/A,N/A
N/A,Visit the help section,N/A,N/A,https://www.amazon.com/gp/help/customer/display.html?nodeId=468556
N/A,N/A,N/A,N/A,N/A
N/A,N/A,N/A,N/A,N/A
The Sales Skills Book: A Concise Introduction to the Art of Selling,Gerald Zankl,$14.99,4.9 out of 5 stars,https://www.amazon.com#
"Boom!: Leadership that Breaks Barriers, Challenges Convention, and Ignites Innovation","John ""Dragon"" Teichert",$22.00,5.0 out of 5 stars,https://www.amazon.com#
N/A,N/A,N/A,N/A,N/A
A Game Most Foul,Alison Gervais,$10.99,3.7 out of 5 stars,https://www.amazon.com#
Chased (Off the Itinerary),M. Liz Boyle,$11.49,4.7 out of 5 stars,https://www.amazon.com#
N/A,N/A,N/A,N/A,N/A
N/A,Visit the help section,N/A,N/A,https://www.amazon.com/gp/help/customer/display.html?nodeId=468556
N/A,N/A,N/A,N/A,N/A
The Sales Skills Book: A Concise Introduction to the Art of Selling,Gerald Zankl,$14.99,4.9 out of 5 stars,https://www.amazon.com#
"Boom!: Leadership that Breaks Barriers, Challenges Convention, and Ignites Innovation","John ""Dragon"" Teichert",$22.00,5.0 out of 5 stars,https://www.amazon.com#
N/A,N/A,N/A,N/A,N/A
Make 'Em Beg to Buy From You: 5 Preselling Secrets to Take Even Complete Strangers From Cold to Sold Before You Ever Make an Offer,Travis Sago,$9.99,4.7 out of 5 stars,https://www.amazon.com#
A Game Most Foul,Alison Gervais,$10.99,3.7 out of 5 stars,https://www.amazon.com#
N/A,N/A,N/A,N/A,N/A
N/A,Visit the help section,N/A,N/A,https://www.amazon.com/gp/help/customer/display.html?nodeId=468556
N/A,N/A,N/A,N/A,N/A
N/A,N/A,N/A,N/A,N/A
The Sales Skills Book: A Concise Introduction to the Art of Selling,Gerald Zankl,$14.99,4.9 out of 5 stars,https://www.amazon.com#
"Work Less, Make More: The counter-intuitive approach to building a profitable business, and a life you actually love",James Schramko,$19.99,4.6 out of 5 stars,https://www.amazon.com#
N/A,N/A,N/A,N/A,N/A
"Beneath Glass Skies: A Noir Thriller, Beijing seen through the eyes of 17 year old Tobey, as he unwillingly finds himself trying to take down a criminal operation.",Christian Moholdt,$17.00,4.4 out of 5 stars,https://www.amazon.com#
"Boom!: Leadership that Breaks Barriers, Challenges Convention, and Ignites Innovation","John ""Dragon"" Teichert",$22.00,5.0 out of 5 stars,https://www.amazon.com#
N/A,N/A,N/A,N/A,N/A
N/A,Visit the help section,N/A,N/A,https://www.amazon.com/gp/help/customer/display.html?nodeId=468556
N/A,N/A,N/A,N/A,N/A
The Sales Skills Book: A Concise Introduction to the Art of Selling,Gerald Zankl,$14.99,4.9 out of 5 stars,https://www.amazon.com#
"Boom!: Leadership that Breaks Barriers, Challenges Convention, and Ignites Innovation","John ""Dragon"" Teichert",$22.00,5.0 out of 5 stars,https://www.amazon.com#
N/A,N/A,N/A,N/A,N/A
N/A,N/A,N/A,N/A,N/A
Chased (Off the Itinerary),M. Liz Boyle,$11.49,4.7 out of 5 stars,https://www.amazon.com#
Ablaze (Off the Itinerary),M. Liz Boyle,$11.49,4.8 out of 5 stars,https://www.amazon.com#
N/A,N/A,N/A,N/A,N/A
N/A,Visit the help section,N/A,N/A,https://www.amazon.com/gp/help/customer/display.html?nodeId=468556
N/A,N/A,N/A,N/A,N/A
The Sales Skills Book: A Concise Introduction to the Art of Selling,Gerald Zankl,$14.99,4.9 out of 5 stars,https://www.amazon.com#
"Boom!: Leadership that Breaks Barriers, Challenges Convention, and Ignites Innovation","John ""Dragon"" Teichert",$22.00,5.0 out of 5 stars,https://www.amazon.com#
N/A,N/A,N/A,N/A,N/A
Chased (Off the Itinerary),M. Liz Boyle,$11.49,4.7 out of 5 stars,https://www.amazon.com#
Ablaze (Off the Itinerary),M. Liz Boyle,$11.49,4.8 out of 5 stars,https://www.amazon.com#
N/A,N/A,N/A,N/A,N/A
N/A,Visit the help section,N/A,N/A,https://www.amazon.com/gp/help/customer/display.html?nodeId=468556
N/A,N/A,N/A,N/A,N/A
Make 'Em Beg to Buy From You: 5 Preselling Secrets to Take Even Complete Strangers From Cold to Sold Before You Ever Make an Offer,Travis Sago,$19.99,4.7 out of 5 stars,https://www.amazon.com#
The Sales Skills Book: A Concise Introduction to the Art of Selling,Gerald Zankl,$14.99,4.9 out of 5 stars,https://www.amazon.com#
N/A,N/A,N/A,N/A,N/A
N/A,N/A,N/A,N/A,N/A
Chased (Off the Itinerary),M. Liz Boyle,$11.49,4.7 out of 5 stars,https://www.amazon.com#
Ablaze (Off the Itinerary),M. Liz Boyle,$11.49,4.8 out of 5 stars,https://www.amazon.com#
N/A,N/A,N/A,N/A,N/A
N/A,Visit the help section,N/A,N/A,https://www.amazon.com/gp/help/customer/display.html?nodeId=468556
N/A,N/A,N/A,N/A,N/A
The Sales Skills Book: A Concise Introduction to the Art of Selling,Gerald Zankl,$14.99,4.9 out of 5 stars,https://www.amazon.com#
"Boom!: Leadership that Breaks Barriers, Challenges Convention, and Ignites Innovation","John ""Dragon"" Teichert",$22.00,5.0 out of 5 stars,https://www.amazon.com#
N/A,N/A,N/A,N/A,N/A
Chased (Off the Itinerary),M. Liz Boyle,$11.49,4.7 out of 5 stars,https://www.amazon.com#
A Game Most Foul,Alison Gervais,$10.99,3.7 out of 5 stars,https://www.amazon.com#
N/A,N/A,N/A,N/A,N/A
N/A,Visit the help section,N/A,N/A,https://www.amazon.com/gp/help/customer/display.html?nodeId=468556
N/A,N/A,N/A,N/A,N/A
The Sales Skills Book: A Concise Introduction to the Art of Selling,Gerald Zankl,$14.99,4.9 out of 5 stars,https://www.amazon.com#
"Boom!: Leadership that Breaks Barriers, Challenges Convention, and Ignites Innovation","John ""Dragon"" Teichert",$22.00,5.0 out of 5 stars,https://www.amazon.com#
N/A,N/A,N/A,N/A,N/A
N/A,N/A,N/A,N/A,N/A
A Game Most Foul,Alison Gervais,$10.99,3.7 out of 5 stars,https://www.amazon.com#
Chased (Off the Itinerary),M. Liz Boyle,$11.49,4.7 out of 5 stars,https://www.amazon.com#
N/A,N/A,N/A,N/A,N/A
N/A,Visit the help section,N/A,N/A,https://www.amazon.com/gp/help/customer/display.html?nodeId=468556
N/A,N/A,N/A,N/A,N/A
The Sales Skills Book: A Concise Introduction to the Art of Selling,Gerald Zankl,$14.99,4.9 out of 5 stars,https://www.amazon.com#
"Boom!: Leadership that Breaks Barriers, Challenges Convention, and Ignites Innovation","John ""Dragon"" Teichert",$22.00,5.0 out of 5 stars,https://www.amazon.com#
N/A,N/A,N/A,N/A,N/A
A Game Most Foul,Alison Gervais,$10.99,3.7 out of 5 stars,https://www.amazon.com#
Chased (Off the Itinerary),M. Liz Boyle,$11.49,4.7 out of 5 stars,https://www.amazon.com#
N/A,N/A,N/A,N/A,N/A
N/A,Visit the help section,N/A,N/A,https://www.amazon.com/gp/help/customer/display.html?nodeId=468556
